id_venda,data,id_produto,id_empregado,quantidade,valor_unitario,valor_total,nome_funcionário,cargo,idade,nome_produto,preco_y,categoria
1,2023-03-16,70,18,2,279.58,559.16,Não Informado,GERENTE,22,Produto 70,1026.42,Casa
2,2023-02-10,166,34,5,816.9,4084.5,Matheus Duarte,DESCONHECIDO,34,Produto 166,1181.96,Roupas
3,2023-05-02,76,87,1,411.2,411.2,Helena Peixoto,ASSISTENTE,43,Produto 76,155.49,Roupas
4,2023-01-27,57,31,5,20.89,104.45,Thales Castro,GERENTE,26,Produto 57,1489.7,Desconhecida
5,2023-04-08,12,53,6,734.86,4409.16,Diogo Rezende,DESCONHECIDO,33,PRODUTO NÃO INFORMADO,1948.63,DESCONHECIDA
6,2023-05-25,154,85,7,577.56,4042.9199999999996,Ana Vitória Barros,VENDEDOR,58,Produto 154,1220.297391304348,Beleza
7,2023-05-10,54,65,10,427.82,4278.2,Anthony Da Paz,VENDEDOR,49,Produto 54,1535.55,Beleza
8,2023-04-25,26,29,3,99.43,298.29,Maria Alice Cavalcanti,GERENTE,20,Produto 26,449.04,Eletrônicos
9,2023-01-11,164,59,5,838.71,4193.55,Laura Silva,VENDEDOR,41,Produto 164,181.37,Livros
10,2023-01-01,54,98,7,614.3,4300.099999999999,Vitor Gabriel Ramos,GERENTE,41,Produto 54,1535.55,Beleza
11,2023-05-30,69,56,7,667.03,4669.21,Bryan Pereira,DESCONHECIDO,41,Produto 69,648.76,Casa
12,2023-05-28,81,62,1,277.21,277.21,Isaac Moraes,VENDEDOR,54,Produto 81,1991.68,Livros
14,2023-05-09,61,43,9,358.02,3222.18,Samuel Da Rocha,VENDEDOR,56,Produto 61,958.04,Livros
15,2023-02-08,35,3,8,440.48,3523.84,Rodrigo Das Neves,ASSISTENTE,41,Produto 35,1026.42,Casa
16,2023-06-21,179,94,2,801.42,1602.84,Amanda Caldeira,GERENTE,50,Produto 179,1111.86,Eletrônicos
17,2023-01-19,101,44,6,594.33,3565.9800000000005,Augusto Moura,DESCONHECIDO,42,Produto 101,909.22,Roupas
18,2023-03-15,57,55,1,145.45,145.45,Diego Costela,GERENTE,58,Produto 57,1489.7,Desconhecida
19,2023-03-03,80,88,1,193.28,193.28,Alexia Caldeira,GERENTE,18,Produto 80,592.52,Livros
20,2023-01-01,149,81,3,734.9,2204.7,Não Informado,ASSISTENTE,28,Produto 149,553.09,DESCONHECIDA
21,2023-01-25,89,12,7,726.86,5088.02,Miguel Ferreira,DESCONHECIDO,19,Produto 89,792.07,Eletrônicos
22,2023-01-26,47,32,10,61.08,610.8,Luiz Miguel Gomes,VENDEDOR,19,Produto 47,663.85,Desconhecida
23,2023-05-25,151,26,10,592.38,5923.8,Fernanda Das Neves,ASSISTENTE,56,Produto 151,1757.05,Casa
24,2023-05-15,14,79,5,478.48,2392.4,Matheus Gomes,VENDEDOR,54,Produto 14,965.15,Livros
25,2023-04-25,176,72,5,733.71,3668.55,Não Informado,VENDEDOR,28,Produto 176,1961.02,Beleza
27,2023-05-26,187,17,4,846.1,3384.4,Sofia Sales,VENDEDOR,49,Produto 187,1049.59,Roupas
28,2023-02-14,98,3,8,237.71,1901.68,Rodrigo Das Neves,ASSISTENTE,41,Produto 98,1220.297391304348,Beleza
29,2023-04-18,39,15,5,534.96,2674.8,Nicolas Da Rosa,VENDEDOR,33,Produto 39,1185.82,Livros
30,2023-01-01,93,86,8,544.1,4352.8,Breno Rocha,VENDEDOR,58,Produto 93,343.51,Casa
31,2023-06-10,16,42,9,740.48,6664.32,Maysa Da Cruz,GERENTE,47,Produto 16,1475.39,Livros
32,2023-06-19,34,30,2,34.16,68.32,Ian Moreira,VENDEDOR,37,Produto 34,1726.96,Eletrônicos
33,2023-01-18,160,96,7,193.62,1355.3400000000001,Calebe Da Luz,GERENTE,28,Produto 160,619.02,Livros
34,2023-02-15,29,62,3,79.33,237.99,Isaac Moraes,VENDEDOR,54,Produto 29,1784.33,Roupas
35,2023-01-16,184,10,1,407.91,407.91,Emanuel Moura,ASSISTENTE,33,Produto 184,904.57,Eletrônicos
36,2023-03-25,133,65,9,343.01,3087.09,Anthony Da Paz,VENDEDOR,49,Produto 133,991.1122222222225,Roupas
37,2023-05-22,120,30,1,119.37,119.37,Ian Moreira,VENDEDOR,37,PRODUTO NÃO INFORMADO,825.45,Roupas
38,2023-02-06,153,48,2,303.35,606.7,Maysa Sales,GERENTE,56,Produto 153,98.56,Roupas
40,2023-01-01,140,59,9,682.85,6145.650000000001,Laura Silva,VENDEDOR,41,Produto 140,1023.6067857142856,Eletrônicos
41,2023-06-20,124,70,10,800.01,8000.1,Alexia Moura,DESCONHECIDO,33,Produto 124,756.59,Eletrônicos
42,2023-02-15,88,11,7,880.33,6162.31,Ana Júlia Da Paz,VENDEDOR,41,Produto 88,120.44,Eletrônicos
43,2023-02-21,4,59,2,175.36,350.72,Laura Silva,VENDEDOR,41,Produto 4,1206.87,Casa
44,2023-03-04,54,74,8,943.3,7546.4,Ryan Fogaça,ASSISTENTE,39,Produto 54,1535.55,Beleza
45,2023-06-18,3,6,2,390.25,780.5,Ana Julia Moreira,VENDEDOR,34,Produto 3,187.95,Roupas
46,2023-02-16,177,9,5,67.26,336.3,Não Informado,GERENTE,58,Produto 177,1218.14,Beleza
47,2023-03-02,123,35,3,601.3,1803.8999999999999,Luiz Fernando Da Paz,DESCONHECIDO,37,Produto 123,1970.65,Eletrônicos
48,2023-05-25,3,32,2,496.27,992.54,Luiz Miguel Gomes,VENDEDOR,19,Produto 3,187.95,Roupas
49,2023-04-30,125,89,3,232.2,696.5999999999999,Bruno Da Luz,ASSISTENTE,23,Produto 125,1500.41,Eletrônicos
50,2023-01-01,101,98,9,895.97,8063.7300000000005,Vitor Gabriel Ramos,GERENTE,41,Produto 101,909.22,Roupas
51,2023-05-03,29,9,9,397.26,3575.34,Não Informado,GERENTE,58,Produto 29,1784.33,Roupas
53,2023-01-25,5,11,9,335.76,3021.84,Ana Júlia Da Paz,VENDEDOR,41,Produto 5,1109.64,Roupas
54,2023-02-07,72,5,2,414.37,828.74,Leandro Azevedo,VENDEDOR,41,PRODUTO NÃO INFORMADO,1849.66,Livros
55,2023-02-06,60,48,10,537.28,5372.799999999999,Maysa Sales,GERENTE,56,PRODUTO NÃO INFORMADO,803.44,Livros
56,2023-04-24,40,45,5,991.56,4957.799999999999,Não Informado,VENDEDOR,28,Produto 40,703.69,Beleza
57,2023-02-25,40,98,3,826.43,2479.29,Vitor Gabriel Ramos,GERENTE,41,Produto 40,703.69,Beleza
58,2023-02-02,6,88,8,570.07,4560.56,Alexia Caldeira,GERENTE,18,Produto 6,429.39,Casa
59,2023-04-02,97,59,3,869.48,2608.44,Laura Silva,VENDEDOR,41,Produto 97,535.55,Roupas
60,2023-01-01,45,89,9,340.67,3066.03,Bruno Da Luz,ASSISTENTE,23,Produto 45,1411.64,Eletrônicos
61,2023-06-04,166,60,5,683.34,3416.7000000000003,Caio Dias,VENDEDOR,41,Produto 166,1181.96,Roupas
62,2023-02-14,58,31,7,882.82,6179.740000000001,Thales Castro,GERENTE,26,Produto 58,1363.67,Eletrônicos
63,2023-06-09,107,53,7,15.09,105.63,Diogo Rezende,DESCONHECIDO,33,Produto 107,545.56,Eletrônicos
64,2023-04-10,2,78,7,169.15,1184.05,Gabriel Da Mata,VENDEDOR,43,Produto 2,171.15,Roupas
66,2023-04-14,98,60,1,564.25,564.25,Caio Dias,VENDEDOR,41,Produto 98,1220.297391304348,Beleza
67,2023-03-11,158,71,8,820.49,6563.92,Carlos Eduardo Silveira,ASSISTENTE,53,Produto 158,955.04,Roupas
68,2023-03-04,156,60,10,437.92,4379.2,Caio Dias,VENDEDOR,41,PRODUTO NÃO INFORMADO,49.26,Casa
69,2023-05-28,96,100,5,111.48,557.4,Bruno Peixoto,VENDEDOR,49,PRODUTO NÃO INFORMADO,462.64,DESCONHECIDA
70,2023-01-01,192,17,2,947.82,1895.64,Sofia Sales,VENDEDOR,49,PRODUTO NÃO INFORMADO,1684.97,Roupas
71,2023-04-28,193,22,6,711.49,4268.9400000000005,João Pedro Barbosa,VENDEDOR,45,Produto 193,1538.99,Beleza
72,2023-02-19,14,64,10,83.95,839.5,Fernando Ferreira,VENDEDOR,41,Produto 14,965.15,Livros
73,2023-06-29,125,76,4,651.1,2604.4,Joaquim Fogaça,ASSISTENTE,62,Produto 125,1500.41,Eletrônicos
74,2023-02-02,134,79,7,74.97,524.79,Matheus Gomes,VENDEDOR,54,Produto 134,32.28,DESCONHECIDA
75,2023-01-26,174,98,3,259.98,779.94,Vitor Gabriel Ramos,GERENTE,41,Produto 174,1236.44,Casa
76,2023-05-21,39,15,4,431.92,1727.68,Nicolas Da Rosa,VENDEDOR,33,Produto 39,1185.82,Livros
77,2023-03-16,116,32,7,827.66,5793.62,Luiz Miguel Gomes,VENDEDOR,19,Produto 116,1753.94,Casa
79,2023-04-02,21,47,3,951.35,2854.05,Lara Ribeiro,VENDEDOR,33,Produto 21,965.15,Livros
80,2023-01-01,6,19,5,642.14,3210.7,Ana Carolina Teixeira,GERENTE,23,Produto 6,429.39,Casa
81,2023-01-01,58,38,9,447.88,4030.92,Olivia Teixeira,VENDEDOR,40,Produto 58,1363.67,Eletrônicos
82,2023-03-05,25,24,2,220.97,441.94,Luiza Nascimento,VENDEDOR,49,Produto 25,855.05,Livros
83,2023-01-27,72,60,2,865.71,1731.42,Caio Dias,VENDEDOR,41,PRODUTO NÃO INFORMADO,1849.66,Livros
84,2023-02-22,8,79,9,869.94,7829.460000000001,Matheus Gomes,VENDEDOR,54,Produto 8,1892.66,Casa
85,2023-05-11,93,64,2,763.41,1526.82,Fernando Ferreira,VENDEDOR,41,Produto 93,343.51,Casa
86,2023-05-02,131,20,5,912.72,4563.6,Maria Julia Da Conceição,VENDEDOR,41,Produto 131,78.46,Desconhecida
87,2023-01-17,126,84,9,11.22,100.98,Sophie Ribeiro,VENDEDOR,19,Produto 126,1023.6067857142856,Eletrônicos
88,2023-06-25,188,63,4,562.83,2251.32,Não Informado,ASSISTENTE,29,Produto 188,1396.8,Casa
89,2023-04-27,130,88,6,586.15,3516.8999999999996,Alexia Caldeira,GERENTE,18,Produto 130,131.71,Eletrônicos
90,2023-01-01,72,21,8,317.26,2538.08,Evelyn Araújo,GERENTE,28,PRODUTO NÃO INFORMADO,1849.66,Livros
92,2023-02-14,33,41,6,298.75,1792.5,Stella Sales,VENDEDOR,18,Produto 33,1164.7,Desconhecida
93,2023-06-28,88,41,8,727.04,5816.32,Stella Sales,VENDEDOR,18,Produto 88,120.44,Eletrônicos
94,2023-02-15,160,79,1,111.76,111.76,Matheus Gomes,VENDEDOR,54,Produto 160,619.02,Livros
95,2023-05-28,161,74,6,621.97,3731.82,Ryan Fogaça,ASSISTENTE,39,Produto 161,965.15,Livros
96,2023-04-07,2,97,8,19.67,157.36,Rafael Duarte,GERENTE,58,Produto 2,171.15,Roupas
97,2023-06-07,161,77,1,883.71,883.71,Alice Aragão,ASSISTENTE,29,Produto 161,965.15,Livros
98,2023-04-13,194,38,4,364.22,1456.88,Olivia Teixeira,VENDEDOR,40,Produto 194,137.14,Eletrônicos
99,2023-05-02,143,98,7,208.85,1461.95,Vitor Gabriel Ramos,GERENTE,41,Produto 143,1515.38,Beleza
100,2023-01-01,49,75,10,175.81,1758.1,João Lucas Martins,ASSISTENTE,18,Produto 49,1023.6067857142856,Eletrônicos
101,2023-01-09,6,73,3,897.26,2691.7799999999997,Kevin Cunha,VENDEDOR,44,Produto 6,429.39,Casa
102,2023-02-10,114,76,7,616.81,4317.67,Joaquim Fogaça,ASSISTENTE,62,Produto 114,1838.76,DESCONHECIDA
103,2023-04-02,62,84,8,947.88,7583.04,Sophie Ribeiro,VENDEDOR,19,Produto 62,170.37,Roupas
105,2023-05-07,3,41,10,785.99,7859.9,Stella Sales,VENDEDOR,18,Produto 3,187.95,Roupas
106,2023-01-12,87,12,10,444.22,4442.200000000001,Miguel Ferreira,DESCONHECIDO,19,Produto 87,1917.61,Desconhecida
107,2023-05-02,147,55,9,873.07,7857.63,Diego Costela,GERENTE,58,Produto 147,965.15,Livros
108,2023-04-29,53,55,4,746.84,2987.36,Diego Costela,GERENTE,58,Produto 53,1483.24,Eletrônicos
109,2023-05-26,150,37,3,170.06,510.18,Erick Santos,VENDEDOR,58,Produto 150,418.42,Livros
110,2023-01-01,131,28,8,975.05,7800.4,Luana Da Mota,GERENTE,55,Produto 131,78.46,Desconhecida
111,2023-04-03,182,63,10,409.23,4092.3,Não Informado,ASSISTENTE,29,Produto 182,991.1122222222225,Roupas
112,2023-02-18,94,85,1,842.05,842.05,Ana Vitória Barros,VENDEDOR,58,Produto 94,1295.46,DESCONHECIDA
113,2023-05-28,37,4,10,745.28,7452.799999999999,Isis Castro,GERENTE,47,Produto 37,477.19,Roupas
114,2023-02-19,177,51,4,509.8,2039.2,Bernardo Ferreira,DESCONHECIDO,26,Produto 177,1218.14,Beleza
115,2023-04-27,98,100,9,444.23,3998.07,Bruno Peixoto,VENDEDOR,49,Produto 98,1220.297391304348,Beleza
116,2023-06-13,6,39,2,601.75,1203.5,Henrique Moura,GERENTE,32,Produto 6,429.39,Casa
118,2023-02-09,21,15,3,626.74,1880.22,Nicolas Da Rosa,VENDEDOR,33,Produto 21,965.15,Livros
119,2023-01-08,100,94,1,140.25,140.25,Amanda Caldeira,GERENTE,50,Produto 100,523.6,Beleza
120,2023-01-01,14,78,7,636.22,4453.54,Gabriel Da Mata,VENDEDOR,43,Produto 14,965.15,Livros
121,2023-03-10,166,41,2,189.17,378.34,Stella Sales,VENDEDOR,18,Produto 166,1181.96,Roupas
122,2023-04-21,14,89,6,872.04,5232.24,Bruno Da Luz,ASSISTENTE,23,Produto 14,965.15,Livros
123,2023-03-11,145,89,4,597.02,2388.08,Bruno Da Luz,ASSISTENTE,23,Produto 145,485.96,Desconhecida
124,2023-06-12,5,65,9,405.06,3645.54,Anthony Da Paz,VENDEDOR,49,Produto 5,1109.64,Roupas
125,2023-06-13,45,23,8,602.73,4821.84,Raul Martins,VENDEDOR,43,Produto 45,1411.64,Eletrônicos
126,2023-01-14,80,74,10,82.76,827.6,Ryan Fogaça,ASSISTENTE,39,Produto 80,592.52,Livros
127,2023-04-15,1,5,10,672.7,6727.0,Leandro Azevedo,VENDEDOR,41,Produto 1,988.59,Livros
128,2023-01-01,57,64,4,592.01,2368.04,Fernando Ferreira,VENDEDOR,41,Produto 57,1489.7,Desconhecida
129,2023-05-01,107,37,6,175.94,1055.6399999999999,Erick Santos,VENDEDOR,58,Produto 107,545.56,Eletrônicos
131,2023-02-25,156,79,1,708.33,708.33,Matheus Gomes,VENDEDOR,54,PRODUTO NÃO INFORMADO,49.26,Casa
132,2023-05-28,114,78,6,213.78,1282.68,Gabriel Da Mata,VENDEDOR,43,Produto 114,1838.76,DESCONHECIDA
133,2023-02-06,20,26,2,131.74,263.48,Fernanda Das Neves,ASSISTENTE,56,Produto 20,1377.62,Roupas
134,2023-02-28,69,33,1,130.89,130.89,Guilherme Gomes,VENDEDOR,62,Produto 69,648.76,Casa
135,2023-01-12,20,53,1,588.82,588.82,Diogo Rezende,DESCONHECIDO,33,Produto 20,1377.62,Roupas
136,2023-02-12,126,98,2,965.47,1930.94,Vitor Gabriel Ramos,GERENTE,41,Produto 126,1023.6067857142856,Eletrônicos
137,2023-02-08,184,43,9,642.73,5784.57,Samuel Da Rocha,VENDEDOR,56,Produto 184,904.57,Eletrônicos
138,2023-02-07,84,23,2,349.23,698.46,Raul Martins,VENDEDOR,43,PRODUTO NÃO INFORMADO,1023.6067857142856,Eletrônicos
139,2023-05-04,119,8,4,707.63,2830.52,Ana Luiza Martins,ASSISTENTE,61,Produto 119,991.1122222222225,Roupas
140,2023-01-01,8,29,2,196.47,392.94,Maria Alice Cavalcanti,GERENTE,20,Produto 8,1892.66,Casa
141,2023-03-27,175,34,6,869.46,5216.76,Matheus Duarte,DESCONHECIDO,34,Produto 175,1071.8700000000001,DESCONHECIDA
142,2023-06-20,158,82,1,839.73,839.73,João Pedro Costa,GERENTE,20,Produto 158,955.04,Roupas
144,2023-03-13,89,46,8,770.83,6166.64,Benjamin Moura,GERENTE,41,Produto 89,792.07,Eletrônicos
145,2023-05-27,31,80,4,679.75,2719.0,Davi Luiz Teixeira,VENDEDOR,45,Produto 31,1029.09,Livros
146,2023-04-15,90,62,5,670.3,3351.5,Isaac Moraes,VENDEDOR,54,Produto 90,217.98,Casa
147,2023-03-04,73,33,2,999.42,1998.84,Guilherme Gomes,VENDEDOR,62,Produto 73,1838.64,Desconhecida
148,2023-01-13,73,77,9,993.4,8940.6,Alice Aragão,ASSISTENTE,29,Produto 73,1838.64,Desconhecida
149,2023-04-08,125,4,9,118.02,1062.18,Isis Castro,GERENTE,47,Produto 125,1500.41,Eletrônicos
150,2023-01-01,82,13,6,443.79,2662.7400000000002,Nathan Da Paz,ASSISTENTE,56,Produto 82,1395.37,Roupas
151,2023-04-19,75,1,9,324.02,2916.18,Júlia Oliveira,VENDEDOR,24,Produto 75,1392.35,Livros
152,2023-03-30,143,65,8,303.9,2431.2,Anthony Da Paz,VENDEDOR,49,Produto 143,1515.38,Beleza
153,2023-05-29,147,60,10,402.21,4022.1,Caio Dias,VENDEDOR,41,Produto 147,965.15,Livros
154,2023-02-04,172,90,9,600.52,5404.68,Não Informado,GERENTE,61,Produto 172,1611.06,Roupas
155,2023-03-15,194,46,3,176.76,530.28,Benjamin Moura,GERENTE,41,Produto 194,137.14,Eletrônicos
157,2023-06-05,117,93,8,523.89,4191.12,Esther Da Mata,ASSISTENTE,36,Produto 117,1105.42,Livros
158,2023-05-13,48,37,10,117.83,1178.3,Erick Santos,VENDEDOR,58,PRODUTO NÃO INFORMADO,871.73,Beleza
159,2023-06-25,87,70,4,611.83,2447.32,Alexia Moura,DESCONHECIDO,33,Produto 87,1917.61,Desconhecida
160,2023-01-01,171,21,2,718.34,1436.68,Evelyn Araújo,GERENTE,28,Produto 171,1280.53,Desconhecida
161,2023-03-21,47,15,7,436.55,3055.85,Nicolas Da Rosa,VENDEDOR,33,Produto 47,663.85,Desconhecida
162,2023-02-20,15,68,9,658.15,5923.349999999999,Vinicius Silva,ASSISTENTE,19,Produto 15,116.46,Desconhecida
163,2023-01-19,34,78,5,484.39,2421.95,Gabriel Da Mata,VENDEDOR,43,Produto 34,1726.96,Eletrônicos
164,2023-02-21,27,29,4,264.21,1056.84,Maria Alice Cavalcanti,GERENTE,20,Produto 27,796.32,Roupas
165,2023-04-16,164,30,3,585.12,1755.3600000000001,Ian Moreira,VENDEDOR,37,Produto 164,181.37,Livros
166,2023-03-18,132,90,2,405.91,811.82,Não Informado,GERENTE,61,PRODUTO NÃO INFORMADO,272.03,Beleza
167,2023-01-07,95,74,9,527.26,4745.34,Ryan Fogaça,ASSISTENTE,39,Produto 95,779.6,Eletrônicos
168,2023-03-12,191,56,7,529.91,3709.37,Bryan Pereira,DESCONHECIDO,41,Produto 191,921.4,Roupas
170,2023-01-01,196,7,8,963.3,7706.4,Gustavo Jesus,VENDEDOR,34,Produto 196,1026.42,Casa
171,2023-04-30,173,47,6,554.72,3328.32,Lara Ribeiro,VENDEDOR,33,Produto 173,1806.79,Beleza
172,2023-01-21,137,26,7,641.61,4491.27,Fernanda Das Neves,ASSISTENTE,56,Produto 137,1071.02,Livros
173,2023-05-02,121,42,9,650.14,5851.26,Maysa Da Cruz,GERENTE,47,Produto 121,1556.32,Livros
174,2023-02-18,154,91,8,772.25,6178.0,Emilly Santos,VENDEDOR,18,Produto 154,1220.297391304348,Beleza
175,2023-06-01,19,100,5,309.04,1545.2,Bruno Peixoto,VENDEDOR,49,Produto 19,1937.46,Roupas
176,2023-05-26,147,36,7,670.87,4696.09,Não Informado,ASSISTENTE,26,Produto 147,965.15,Livros
177,2023-03-10,175,49,10,457.25,4572.5,Luigi Viana,GERENTE,32,Produto 175,1071.8700000000001,DESCONHECIDA
178,2023-06-10,119,21,3,870.57,2611.71,Evelyn Araújo,GERENTE,28,Produto 119,991.1122222222225,Roupas
179,2023-02-06,143,35,1,186.66,186.66,Luiz Fernando Da Paz,DESCONHECIDO,37,Produto 143,1515.38,Beleza
180,2023-01-01,138,73,7,551.23,3858.61,Kevin Cunha,VENDEDOR,44,Produto 138,1501.07,DESCONHECIDA
181,2023-01-02,64,35,9,501.8,4516.2,Luiz Fernando Da Paz,DESCONHECIDO,37,Produto 64,1059.1,Casa
183,2023-06-16,169,75,10,433.92,4339.2,João Lucas Martins,ASSISTENTE,18,Produto 169,843.97,Casa
184,2023-02-15,19,68,7,347.68,2433.76,Vinicius Silva,ASSISTENTE,19,Produto 19,1937.46,Roupas
185,2023-02-01,167,36,10,343.85,3438.5,Não Informado,ASSISTENTE,26,Produto 167,962.69,Livros
186,2023-06-13,131,73,8,648.84,5190.72,Kevin Cunha,VENDEDOR,44,Produto 131,78.46,Desconhecida
187,2023-03-11,169,68,8,373.29,2986.32,Vinicius Silva,ASSISTENTE,19,Produto 169,843.97,Casa
188,2023-01-05,172,27,1,833.54,833.54,Não Informado,VENDEDOR,53,Produto 172,1611.06,Roupas
189,2023-02-19,67,44,5,278.44,1392.2,Augusto Moura,DESCONHECIDO,42,Produto 67,1955.91,Beleza
190,2023-01-01,70,2,10,339.67,3396.7000000000003,Diogo Vieira,DESCONHECIDO,41,Produto 70,1026.42,Casa
191,2023-04-12,35,98,7,384.69,2692.83,Vitor Gabriel Ramos,GERENTE,41,Produto 35,1026.42,Casa
192,2023-01-08,150,44,7,470.55,3293.85,Augusto Moura,DESCONHECIDO,42,Produto 150,418.42,Livros
193,2023-03-18,31,47,10,958.05,9580.5,Lara Ribeiro,VENDEDOR,33,Produto 31,1029.09,Livros
194,2023-04-16,190,30,9,178.77,1608.93,Ian Moreira,VENDEDOR,37,Produto 190,1593.96,Roupas
196,2023-05-16,3,16,1,307.84,307.84,Vicente Viana,VENDEDOR,23,Produto 3,187.95,Roupas
197,2023-04-14,118,5,7,405.32,2837.24,Leandro Azevedo,VENDEDOR,41,Produto 118,333.84,Roupas
198,2023-04-18,65,30,4,927.73,3710.92,Ian Moreira,VENDEDOR,37,Produto 65,875.49,Roupas
199,2023-05-30,200,32,5,102.0,510.0,Luiz Miguel Gomes,VENDEDOR,19,Produto 200,1161.4,DESCONHECIDA
200,2023-01-01,38,98,1,612.4,612.4,Vitor Gabriel Ramos,GERENTE,41,Produto 38,1815.85,DESCONHECIDA
201,2023-04-24,66,85,4,310.1,1240.4,Ana Vitória Barros,VENDEDOR,58,Produto 66,1605.21,Casa
202,2023-03-16,67,52,2,937.59,1875.18,João Lucas Da Costa,ASSISTENTE,41,Produto 67,1955.91,Beleza
203,2023-02-24,6,35,7,942.96,6600.72,Luiz Fernando Da Paz,DESCONHECIDO,37,Produto 6,429.39,Casa
204,2023-03-27,60,12,6,501.99,3011.94,Miguel Ferreira,DESCONHECIDO,19,PRODUTO NÃO INFORMADO,803.44,Livros
205,2023-03-23,173,35,1,125.2,125.2,Luiz Fernando Da Paz,DESCONHECIDO,37,Produto 173,1806.79,Beleza
206,2023-05-14,67,80,8,537.16,4297.28,Davi Luiz Teixeira,VENDEDOR,45,Produto 67,1955.91,Beleza
207,2023-03-14,143,21,7,311.63,2181.41,Evelyn Araújo,GERENTE,28,Produto 143,1515.38,Beleza
209,2023-01-20,10,25,3,352.64,1057.92,Lavínia Costela,GERENTE,49,Produto 10,231.36,Desconhecida
210,2023-01-01,54,33,2,141.2,282.4,Guilherme Gomes,VENDEDOR,62,Produto 54,1535.55,Beleza
211,2023-03-06,110,80,4,610.31,2441.24,Davi Luiz Teixeira,VENDEDOR,45,Produto 110,1881.36,Beleza
212,2023-06-29,131,99,6,831.04,4986.24,Não Informado,VENDEDOR,49,Produto 131,78.46,Desconhecida
213,2023-05-21,117,98,9,826.95,7442.55,Vitor Gabriel Ramos,GERENTE,41,Produto 117,1105.42,Livros
214,2023-01-25,79,68,8,483.45,3867.6,Vinicius Silva,ASSISTENTE,19,Produto 79,437.53,Eletrônicos
215,2023-03-01,191,6,4,445.12,1780.48,Ana Julia Moreira,VENDEDOR,34,Produto 191,921.4,Roupas
216,2023-01-31,5,83,2,653.7,1307.4,Luiz Gustavo Da Paz,VENDEDOR,22,Produto 5,1109.64,Roupas
217,2023-05-10,126,11,2,465.2,930.4,Ana Júlia Da Paz,VENDEDOR,41,Produto 126,1023.6067857142856,Eletrônicos
218,2023-02-25,83,9,2,67.2,134.4,Não Informado,GERENTE,58,Produto 83,771.48,Desconhecida
219,2023-06-05,190,7,3,83.88,251.64,Gustavo Jesus,VENDEDOR,34,Produto 190,1593.96,Roupas
220,2023-01-01,103,40,1,514.33,514.33,Francisco Martins,GERENTE,58,Produto 103,563.13,Desconhecida
222,2023-06-15,178,63,4,659.17,2636.68,Não Informado,ASSISTENTE,29,Produto 178,1275.11,Beleza
223,2023-03-03,7,27,5,887.74,4438.7,Não Informado,VENDEDOR,53,Produto 7,1023.6067857142856,Eletrônicos
224,2023-03-27,133,55,6,829.26,4975.5599999999995,Diego Costela,GERENTE,58,Produto 133,991.1122222222225,Roupas
225,2023-05-29,79,21,2,142.47,284.94,Evelyn Araújo,GERENTE,28,Produto 79,437.53,Eletrônicos
226,2023-04-30,167,5,10,684.17,6841.7,Leandro Azevedo,VENDEDOR,41,Produto 167,962.69,Livros
227,2023-03-23,173,32,1,330.27,330.27,Luiz Miguel Gomes,VENDEDOR,19,Produto 173,1806.79,Beleza
228,2023-05-19,191,21,4,377.69,1510.76,Evelyn Araújo,GERENTE,28,Produto 191,921.4,Roupas
229,2023-04-27,26,68,4,273.36,1093.44,Vinicius Silva,ASSISTENTE,19,Produto 26,449.04,Eletrônicos
230,2023-01-01,82,99,2,331.43,662.86,Não Informado,VENDEDOR,49,Produto 82,1395.37,Roupas
231,2023-06-06,166,42,9,617.94,5561.460000000001,Maysa Da Cruz,GERENTE,47,Produto 166,1181.96,Roupas
232,2023-04-23,105,64,5,956.66,4783.3,Fernando Ferreira,VENDEDOR,41,Produto 105,1071.8700000000001,DESCONHECIDA
233,2023-06-18,129,2,1,662.11,662.11,Diogo Vieira,DESCONHECIDO,41,Produto 129,1140.32,Beleza
235,2023-02-03,8,59,8,466.86,3734.88,Laura Silva,VENDEDOR,41,Produto 8,1892.66,Casa
236,2023-03-20,145,60,6,640.3,3841.7999999999997,Caio Dias,VENDEDOR,41,Produto 145,485.96,Desconhecida
237,2023-03-10,160,44,7,523.22,3662.54,Augusto Moura,DESCONHECIDO,42,Produto 160,619.02,Livros
238,2023-01-08,77,72,1,448.84,448.84,Não Informado,VENDEDOR,28,Produto 77,965.15,Livros
239,2023-05-09,109,51,9,748.75,6738.75,Bernardo Ferreira,DESCONHECIDO,26,Produto 109,157.02,Roupas
240,2023-01-01,17,5,8,114.31,914.48,Leandro Azevedo,VENDEDOR,41,Produto 17,1094.1,Livros
241,2023-02-27,159,100,4,740.13,2960.52,Bruno Peixoto,VENDEDOR,49,Produto 159,1663.59,Casa
242,2023-05-15,28,51,4,776.91,3107.64,Bernardo Ferreira,DESCONHECIDO,26,Produto 28,1026.42,Casa
243,2023-04-04,96,8,10,107.41,1074.1,Ana Luiza Martins,ASSISTENTE,61,PRODUTO NÃO INFORMADO,462.64,DESCONHECIDA
244,2023-04-22,81,95,10,30.74,307.4,Laís Souza,ASSISTENTE,19,Produto 81,1991.68,Livros
245,2023-06-02,73,66,8,771.53,6172.24,Emanuelly Nogueira,GERENTE,59,Produto 73,1838.64,Desconhecida
246,2023-02-05,126,68,2,20.32,40.64,Vinicius Silva,ASSISTENTE,19,Produto 126,1023.6067857142856,Eletrônicos
248,2023-06-13,140,91,2,328.99,657.98,Emilly Santos,VENDEDOR,18,Produto 140,1023.6067857142856,Eletrônicos
249,2023-01-13,181,32,8,122.82,982.56,Luiz Miguel Gomes,VENDEDOR,19,Produto 181,1454.16,Beleza
250,2023-01-01,15,17,2,136.81,273.62,Sofia Sales,VENDEDOR,49,Produto 15,116.46,Desconhecida
251,2023-06-02,59,78,8,602.55,4820.4,Gabriel Da Mata,VENDEDOR,43,Produto 59,478.83,Roupas
252,2023-01-22,158,84,10,616.81,6168.099999999999,Sophie Ribeiro,VENDEDOR,19,Produto 158,955.04,Roupas
253,2023-06-28,174,21,5,679.22,3396.1000000000004,Evelyn Araújo,GERENTE,28,Produto 174,1236.44,Casa
254,2023-04-29,39,12,3,674.74,2024.22,Miguel Ferreira,DESCONHECIDO,19,Produto 39,1185.82,Livros
255,2023-05-29,141,21,9,548.58,4937.22,Evelyn Araújo,GERENTE,28,Produto 141,1172.37,Beleza
256,2023-05-15,151,96,8,750.71,6005.68,Calebe Da Luz,GERENTE,28,Produto 151,1757.05,Casa
257,2023-03-30,22,92,6,755.66,4533.96,Caio Pires,ASSISTENTE,33,Produto 22,1674.74,Desconhecida
258,2023-06-29,27,50,2,116.86,233.72,Joaquim Da Cunha,VENDEDOR,21,Produto 27,796.32,Roupas
259,2023-02-13,22,43,3,159.17,477.51,Samuel Da Rocha,VENDEDOR,56,Produto 22,1674.74,Desconhecida
261,2023-04-28,19,23,8,615.82,4926.56,Raul Martins,VENDEDOR,43,Produto 19,1937.46,Roupas
262,2023-01-25,128,8,7,581.4,4069.7999999999997,Ana Luiza Martins,ASSISTENTE,61,Produto 128,1659.18,Casa
263,2023-03-13,129,5,10,562.46,5624.6,Leandro Azevedo,VENDEDOR,41,Produto 129,1140.32,Beleza
264,2023-04-14,64,98,3,991.89,2975.67,Vitor Gabriel Ramos,GERENTE,41,Produto 64,1059.1,Casa
265,2023-05-08,46,91,9,559.53,5035.7699999999995,Emilly Santos,VENDEDOR,18,Produto 46,501.2,Casa
266,2023-01-13,137,36,2,361.83,723.66,Não Informado,ASSISTENTE,26,Produto 137,1071.02,Livros
267,2023-02-27,54,12,6,849.57,5097.42,Miguel Ferreira,DESCONHECIDO,19,Produto 54,1535.55,Beleza
268,2023-05-01,162,53,1,20.92,20.92,Diogo Rezende,DESCONHECIDO,33,Produto 162,1633.69,Roupas
269,2023-05-24,70,56,9,681.6,6134.400000000001,Bryan Pereira,DESCONHECIDO,41,Produto 70,1026.42,Casa
270,2023-01-01,132,4,3,996.37,2989.11,Isis Castro,GERENTE,47,PRODUTO NÃO INFORMADO,272.03,Beleza
271,2023-06-03,37,85,4,782.6,3130.4,Ana Vitória Barros,VENDEDOR,58,Produto 37,477.19,Roupas
272,2023-05-29,38,46,6,698.66,4191.96,Benjamin Moura,GERENTE,41,Produto 38,1815.85,DESCONHECIDA
274,2023-01-04,14,3,1,592.32,592.32,Rodrigo Das Neves,ASSISTENTE,41,Produto 14,965.15,Livros
275,2023-02-24,132,24,8,113.1,904.8,Luiza Nascimento,VENDEDOR,49,PRODUTO NÃO INFORMADO,272.03,Beleza
276,2023-05-27,159,60,2,603.38,1206.76,Caio Dias,VENDEDOR,41,Produto 159,1663.59,Casa
277,2023-04-20,150,24,3,503.27,1509.81,Luiza Nascimento,VENDEDOR,49,Produto 150,418.42,Livros
278,2023-06-08,100,64,10,710.6,7106.0,Fernando Ferreira,VENDEDOR,41,Produto 100,523.6,Beleza
279,2023-04-04,183,55,3,445.8,1337.4,Diego Costela,GERENTE,58,Produto 183,1097.16,Beleza
280,2023-01-01,116,92,1,97.71,97.71,Caio Pires,ASSISTENTE,33,Produto 116,1753.94,Casa
281,2023-02-14,161,17,9,933.78,8404.02,Sofia Sales,VENDEDOR,49,Produto 161,965.15,Livros
282,2023-02-16,143,70,6,639.82,3838.92,Alexia Moura,DESCONHECIDO,33,Produto 143,1515.38,Beleza
283,2023-05-24,69,61,7,576.15,4033.0499999999997,Isadora Moura,VENDEDOR,29,Produto 69,648.76,Casa
284,2023-04-17,113,94,10,341.17,3411.7000000000003,Amanda Caldeira,GERENTE,50,Produto 113,1164.42,Roupas
285,2023-03-22,109,51,6,280.34,1682.04,Bernardo Ferreira,DESCONHECIDO,26,Produto 109,157.02,Roupas
287,2023-04-03,64,37,10,874.0,8740.0,Erick Santos,VENDEDOR,58,Produto 64,1059.1,Casa
288,2023-03-15,192,5,4,804.62,3218.48,Leandro Azevedo,VENDEDOR,41,PRODUTO NÃO INFORMADO,1684.97,Roupas
289,2023-01-04,126,39,4,142.15,568.6,Henrique Moura,GERENTE,32,Produto 126,1023.6067857142856,Eletrônicos
290,2023-01-01,24,57,2,910.3,1820.6,Daniela Da Paz,VENDEDOR,29,PRODUTO NÃO INFORMADO,1677.77,Livros
291,2023-06-23,60,60,4,767.86,3071.44,Caio Dias,VENDEDOR,41,PRODUTO NÃO INFORMADO,803.44,Livros
292,2023-06-01,36,85,9,753.86,6784.74,Ana Vitória Barros,VENDEDOR,58,PRODUTO NÃO INFORMADO,1761.32,DESCONHECIDA
293,2023-06-07,86,92,8,66.48,531.84,Caio Pires,ASSISTENTE,33,Produto 86,1830.93,Eletrônicos
294,2023-01-14,120,10,7,254.51,1781.57,Emanuel Moura,ASSISTENTE,33,PRODUTO NÃO INFORMADO,825.45,Roupas
295,2023-03-11,44,73,6,434.6,2607.6000000000004,Kevin Cunha,VENDEDOR,44,Produto 44,759.09,Eletrônicos
296,2023-03-25,82,57,4,43.28,173.12,Daniela Da Paz,VENDEDOR,29,Produto 82,1395.37,Roupas
297,2023-06-10,7,70,5,537.1,2685.5,Alexia Moura,DESCONHECIDO,33,Produto 7,1023.6067857142856,Eletrônicos
298,2023-05-28,143,48,2,735.12,1470.24,Maysa Sales,GERENTE,56,Produto 143,1515.38,Beleza
300,2023-01-01,57,37,8,267.56,2140.48,Erick Santos,VENDEDOR,58,Produto 57,1489.7,Desconhecida
301,2023-03-10,131,87,10,979.76,9797.6,Helena Peixoto,ASSISTENTE,43,Produto 131,78.46,Desconhecida
302,2023-02-18,147,89,10,199.28,1992.8,Bruno Da Luz,ASSISTENTE,23,Produto 147,965.15,Livros
303,2023-06-18,161,50,5,612.44,3062.2000000000003,Joaquim Da Cunha,VENDEDOR,21,Produto 161,965.15,Livros
304,2023-03-12,86,33,5,233.06,1165.3,Guilherme Gomes,VENDEDOR,62,Produto 86,1830.93,Eletrônicos
305,2023-03-02,98,28,1,980.71,980.71,Luana Da Mota,GERENTE,55,Produto 98,1220.297391304348,Beleza
306,2023-06-16,86,49,10,547.12,5471.2,Luigi Viana,GERENTE,32,Produto 86,1830.93,Eletrônicos
307,2023-04-08,65,74,1,616.77,616.77,Ryan Fogaça,ASSISTENTE,39,Produto 65,875.49,Roupas
308,2023-01-22,112,57,5,149.55,747.75,Daniela Da Paz,VENDEDOR,29,Produto 112,1023.6067857142856,Eletrônicos
309,2023-05-24,112,51,2,106.59,213.18,Bernardo Ferreira,DESCONHECIDO,26,Produto 112,1023.6067857142856,Eletrônicos
310,2023-01-01,88,40,7,549.98,3849.86,Francisco Martins,GERENTE,58,Produto 88,120.44,Eletrônicos
311,2023-05-18,99,64,6,808.34,4850.04,Fernando Ferreira,VENDEDOR,41,Produto 99,723.89,Desconhecida
313,2023-06-03,127,68,7,873.41,6113.87,Vinicius Silva,ASSISTENTE,19,Produto 127,789.01,Roupas
314,2023-04-30,79,86,4,524.19,2096.76,Breno Rocha,VENDEDOR,58,Produto 79,437.53,Eletrônicos
315,2023-06-04,125,40,4,871.87,3487.48,Francisco Martins,GERENTE,58,Produto 125,1500.41,Eletrônicos
316,2023-04-23,191,66,10,753.22,7532.200000000001,Emanuelly Nogueira,GERENTE,59,Produto 191,921.4,Roupas
317,2023-05-11,200,44,9,103.21,928.89,Augusto Moura,DESCONHECIDO,42,Produto 200,1161.4,DESCONHECIDA
318,2023-01-06,167,52,1,396.82,396.82,João Lucas Da Costa,ASSISTENTE,41,Produto 167,962.69,Livros
319,2023-06-27,171,19,7,823.88,5767.16,Ana Carolina Teixeira,GERENTE,23,Produto 171,1280.53,Desconhecida
320,2023-01-01,12,74,5,964.83,4824.150000000001,Ryan Fogaça,ASSISTENTE,39,PRODUTO NÃO INFORMADO,1948.63,DESCONHECIDA
321,2023-02-10,164,85,8,294.27,2354.16,Ana Vitória Barros,VENDEDOR,58,Produto 164,181.37,Livros
322,2023-02-16,143,48,8,799.94,6399.52,Maysa Sales,GERENTE,56,Produto 143,1515.38,Beleza
323,2023-03-01,198,12,8,524.99,4199.92,Miguel Ferreira,DESCONHECIDO,19,Produto 198,698.09,Casa
324,2023-05-11,109,3,2,323.59,647.18,Rodrigo Das Neves,ASSISTENTE,41,Produto 109,157.02,Roupas
326,2023-01-08,101,32,1,43.05,43.05,Luiz Miguel Gomes,VENDEDOR,19,Produto 101,909.22,Roupas
327,2023-04-20,19,32,5,445.92,2229.6,Luiz Miguel Gomes,VENDEDOR,19,Produto 19,1937.46,Roupas
328,2023-02-15,119,16,9,805.57,7250.13,Vicente Viana,VENDEDOR,23,Produto 119,991.1122222222225,Roupas
329,2023-04-29,21,30,1,423.58,423.58,Ian Moreira,VENDEDOR,37,Produto 21,965.15,Livros
330,2023-01-01,102,95,2,174.3,348.6,Laís Souza,ASSISTENTE,19,Produto 102,69.47,Roupas
331,2023-03-10,25,3,7,138.53,969.71,Rodrigo Das Neves,ASSISTENTE,41,Produto 25,855.05,Livros
332,2023-05-28,162,26,1,39.07,39.07,Fernanda Das Neves,ASSISTENTE,56,Produto 162,1633.69,Roupas
333,2023-01-09,116,50,5,973.72,4868.6,Joaquim Da Cunha,VENDEDOR,21,Produto 116,1753.94,Casa
334,2023-06-21,121,11,6,713.14,4278.84,Ana Júlia Da Paz,VENDEDOR,41,Produto 121,1556.32,Livros
335,2023-04-18,131,76,2,823.42,1646.84,Joaquim Fogaça,ASSISTENTE,62,Produto 131,78.46,Desconhecida
336,2023-06-05,190,33,10,251.9,2519.0,Guilherme Gomes,VENDEDOR,62,Produto 190,1593.96,Roupas
337,2023-02-03,41,51,5,425.92,2129.6,Bernardo Ferreira,DESCONHECIDO,26,Produto 41,1417.82,Roupas
339,2023-05-30,17,69,7,624.72,4373.04,Maitê Cavalcanti,VENDEDOR,43,Produto 17,1094.1,Livros
340,2023-01-01,125,16,3,40.8,122.39999999999999,Vicente Viana,VENDEDOR,23,Produto 125,1500.41,Eletrônicos
341,2023-06-17,156,47,2,331.85,663.7,Lara Ribeiro,VENDEDOR,33,PRODUTO NÃO INFORMADO,49.26,Casa
342,2023-05-28,124,1,7,175.46,1228.22,Júlia Oliveira,VENDEDOR,24,Produto 124,756.59,Eletrônicos
343,2023-05-08,191,67,8,81.94,655.52,Gustavo Henrique Silveira,VENDEDOR,54,Produto 191,921.4,Roupas
344,2023-02-16,38,15,4,867.72,3470.88,Nicolas Da Rosa,VENDEDOR,33,Produto 38,1815.85,DESCONHECIDA
345,2023-04-27,181,46,5,42.86,214.3,Benjamin Moura,GERENTE,41,Produto 181,1454.16,Beleza
346,2023-05-25,39,9,4,938.92,3755.68,Não Informado,GERENTE,58,Produto 39,1185.82,Livros
347,2023-04-25,134,91,3,68.5,205.5,Emilly Santos,VENDEDOR,18,Produto 134,32.28,DESCONHECIDA
348,2023-04-08,120,46,7,177.39,1241.73,Benjamin Moura,GERENTE,41,PRODUTO NÃO INFORMADO,825.45,Roupas
349,2023-03-13,190,35,6,234.46,1406.76,Luiz Fernando Da Paz,DESCONHECIDO,37,Produto 190,1593.96,Roupas
350,2023-01-01,78,84,3,977.03,2931.09,Sophie Ribeiro,VENDEDOR,19,Produto 78,336.6,DESCONHECIDA
352,2023-05-30,176,83,10,966.58,9665.800000000001,Luiz Gustavo Da Paz,VENDEDOR,22,Produto 176,1961.02,Beleza
353,2023-01-19,28,84,3,827.78,2483.34,Sophie Ribeiro,VENDEDOR,19,Produto 28,1026.42,Casa
354,2023-03-14,124,19,7,625.13,4375.91,Ana Carolina Teixeira,GERENTE,23,Produto 124,756.59,Eletrônicos
355,2023-06-15,181,61,4,121.45,485.8,Isadora Moura,VENDEDOR,29,Produto 181,1454.16,Beleza
356,2023-01-30,9,64,4,105.57,422.28,Fernando Ferreira,VENDEDOR,41,Produto 9,1563.69,Roupas
357,2023-03-30,142,75,1,474.08,474.08,João Lucas Martins,ASSISTENTE,18,Produto 142,1453.61,Desconhecida
358,2023-03-19,41,68,5,304.27,1521.35,Vinicius Silva,ASSISTENTE,19,Produto 41,1417.82,Roupas
359,2023-01-02,105,86,4,878.47,3513.88,Breno Rocha,VENDEDOR,58,Produto 105,1071.8700000000001,DESCONHECIDA
360,2023-01-01,183,16,9,989.14,8902.26,Vicente Viana,VENDEDOR,23,Produto 183,1097.16,Beleza
361,2023-01-12,35,11,1,292.44,292.44,Ana Júlia Da Paz,VENDEDOR,41,Produto 35,1026.42,Casa
362,2023-05-29,69,48,2,577.62,1155.24,Maysa Sales,GERENTE,56,Produto 69,648.76,Casa
363,2023-06-21,161,73,4,228.02,912.08,Kevin Cunha,VENDEDOR,44,Produto 161,965.15,Livros
365,2023-03-06,8,45,2,880.19,1760.38,Não Informado,VENDEDOR,28,Produto 8,1892.66,Casa
366,2023-03-17,182,76,7,436.12,3052.84,Joaquim Fogaça,ASSISTENTE,62,Produto 182,991.1122222222225,Roupas
367,2023-02-21,93,22,9,347.41,3126.69,João Pedro Barbosa,VENDEDOR,45,Produto 93,343.51,Casa
368,2023-02-07,20,29,8,948.63,7589.04,Maria Alice Cavalcanti,GERENTE,20,Produto 20,1377.62,Roupas
369,2023-04-02,28,4,3,245.06,735.1800000000001,Isis Castro,GERENTE,47,Produto 28,1026.42,Casa
370,2023-01-01,67,86,6,788.88,4733.28,Breno Rocha,VENDEDOR,58,Produto 67,1955.91,Beleza
371,2023-04-01,183,1,2,278.85,557.7,Júlia Oliveira,VENDEDOR,24,Produto 183,1097.16,Beleza
372,2023-01-06,153,82,8,637.76,5102.08,João Pedro Costa,GERENTE,20,Produto 153,98.56,Roupas
373,2023-01-06,27,8,1,49.37,49.37,Ana Luiza Martins,ASSISTENTE,61,Produto 27,796.32,Roupas
374,2023-04-03,109,99,3,284.05,852.1500000000001,Não Informado,VENDEDOR,49,Produto 109,157.02,Roupas
375,2023-06-25,84,56,8,475.05,3800.4,Bryan Pereira,DESCONHECIDO,41,PRODUTO NÃO INFORMADO,1023.6067857142856,Eletrônicos
376,2023-02-18,46,62,1,521.41,521.41,Isaac Moraes,VENDEDOR,54,Produto 46,501.2,Casa
378,2023-06-26,192,62,10,468.22,4682.200000000001,Isaac Moraes,VENDEDOR,54,PRODUTO NÃO INFORMADO,1684.97,Roupas
379,2023-05-06,9,88,10,300.55,3005.5,Alexia Caldeira,GERENTE,18,Produto 9,1563.69,Roupas
380,2023-01-01,17,88,5,291.72,1458.6000000000001,Alexia Caldeira,GERENTE,18,Produto 17,1094.1,Livros
381,2023-06-16,183,41,5,351.77,1758.85,Stella Sales,VENDEDOR,18,Produto 183,1097.16,Beleza
382,2023-01-11,147,11,7,498.61,3490.27,Ana Júlia Da Paz,VENDEDOR,41,Produto 147,965.15,Livros
383,2023-01-19,76,72,1,395.97,395.97,Não Informado,VENDEDOR,28,Produto 76,155.49,Roupas
384,2023-04-19,12,61,8,674.23,5393.84,Isadora Moura,VENDEDOR,29,PRODUTO NÃO INFORMADO,1948.63,DESCONHECIDA
385,2023-04-13,197,8,1,825.55,825.55,Ana Luiza Martins,ASSISTENTE,61,Produto 197,1243.51,Beleza
386,2023-03-28,158,47,9,640.04,5760.36,Lara Ribeiro,VENDEDOR,33,Produto 158,955.04,Roupas
387,2023-03-25,82,18,7,50.15,351.05,Não Informado,GERENTE,22,Produto 82,1395.37,Roupas
388,2023-06-10,127,36,2,668.64,1337.28,Não Informado,ASSISTENTE,26,Produto 127,789.01,Roupas
389,2023-06-05,168,84,2,101.36,202.72,Sophie Ribeiro,VENDEDOR,19,PRODUTO NÃO INFORMADO,1220.297391304348,Beleza
391,2023-01-29,105,74,9,942.31,8480.789999999999,Ryan Fogaça,ASSISTENTE,39,Produto 105,1071.8700000000001,DESCONHECIDA
392,2023-01-10,142,82,2,889.16,1778.32,João Pedro Costa,GERENTE,20,Produto 142,1453.61,Desconhecida
393,2023-05-01,39,28,3,914.15,2742.45,Luana Da Mota,GERENTE,55,Produto 39,1185.82,Livros
394,2023-06-04,117,2,3,726.73,2180.19,Diogo Vieira,DESCONHECIDO,41,Produto 117,1105.42,Livros
395,2023-04-04,40,2,6,830.73,4984.38,Diogo Vieira,DESCONHECIDO,41,Produto 40,703.69,Beleza
396,2023-01-12,163,65,1,697.93,697.93,Anthony Da Paz,VENDEDOR,49,Produto 163,1936.11,Eletrônicos
397,2023-04-11,62,49,7,581.43,4070.0099999999998,Luigi Viana,GERENTE,32,Produto 62,170.37,Roupas
398,2023-02-07,28,21,9,731.88,6586.92,Evelyn Araújo,GERENTE,28,Produto 28,1026.42,Casa
399,2023-06-13,99,45,6,853.32,5119.92,Não Informado,VENDEDOR,28,Produto 99,723.89,Desconhecida
400,2023-01-01,122,30,7,547.11,3829.77,Ian Moreira,VENDEDOR,37,Produto 122,963.34,Casa
401,2023-06-05,172,79,2,390.4,780.8,Matheus Gomes,VENDEDOR,54,Produto 172,1611.06,Roupas
402,2023-04-14,75,48,9,436.68,3930.12,Maysa Sales,GERENTE,56,Produto 75,1392.35,Livros
404,2023-02-03,184,28,1,530.55,530.55,Luana Da Mota,GERENTE,55,Produto 184,904.57,Eletrônicos
405,2023-06-14,56,65,5,649.28,3246.3999999999996,Anthony Da Paz,VENDEDOR,49,Produto 56,1026.42,Casa
406,2023-01-19,157,74,1,947.18,947.18,Ryan Fogaça,ASSISTENTE,39,Produto 157,998.84,Roupas
407,2023-06-20,126,11,2,640.53,1281.06,Ana Júlia Da Paz,VENDEDOR,41,Produto 126,1023.6067857142856,Eletrônicos
408,2023-03-05,69,8,1,110.25,110.25,Ana Luiza Martins,ASSISTENTE,61,Produto 69,648.76,Casa
409,2023-03-06,31,4,2,843.31,1686.62,Isis Castro,GERENTE,47,Produto 31,1029.09,Livros
410,2023-01-01,69,30,1,149.15,149.15,Ian Moreira,VENDEDOR,37,Produto 69,648.76,Casa
411,2023-03-08,75,45,8,977.68,7821.44,Não Informado,VENDEDOR,28,Produto 75,1392.35,Livros
412,2023-06-23,107,64,4,108.31,433.24,Fernando Ferreira,VENDEDOR,41,Produto 107,545.56,Eletrônicos
413,2023-01-06,59,15,10,401.48,4014.8,Nicolas Da Rosa,VENDEDOR,33,Produto 59,478.83,Roupas
414,2023-05-02,125,37,5,296.35,1481.75,Erick Santos,VENDEDOR,58,Produto 125,1500.41,Eletrônicos
415,2023-02-04,87,6,10,381.06,3810.6,Ana Julia Moreira,VENDEDOR,34,Produto 87,1917.61,Desconhecida
417,2023-01-22,68,69,4,40.63,162.52,Maitê Cavalcanti,VENDEDOR,43,Produto 68,1114.23,Casa
418,2023-05-21,162,86,5,483.1,2415.5,Breno Rocha,VENDEDOR,58,Produto 162,1633.69,Roupas
419,2023-06-28,131,42,5,835.31,4176.549999999999,Maysa Da Cruz,GERENTE,47,Produto 131,78.46,Desconhecida
420,2023-01-01,51,85,2,266.74,533.48,Ana Vitória Barros,VENDEDOR,58,Produto 51,813.38,Livros
421,2023-04-13,68,1,5,966.75,4833.75,Júlia Oliveira,VENDEDOR,24,Produto 68,1114.23,Casa
422,2023-05-21,111,98,8,999.72,7997.76,Vitor Gabriel Ramos,GERENTE,41,Produto 111,836.19,Beleza
423,2023-01-17,99,82,4,407.76,1631.04,João Pedro Costa,GERENTE,20,Produto 99,723.89,Desconhecida
424,2023-06-01,19,37,8,332.56,2660.48,Erick Santos,VENDEDOR,58,Produto 19,1937.46,Roupas
425,2023-01-28,5,17,7,401.19,2808.33,Sofia Sales,VENDEDOR,49,Produto 5,1109.64,Roupas
426,2023-05-27,64,91,5,547.59,2737.9500000000003,Emilly Santos,VENDEDOR,18,Produto 64,1059.1,Casa
427,2023-02-23,173,47,5,603.13,3015.65,Lara Ribeiro,VENDEDOR,33,Produto 173,1806.79,Beleza
428,2023-05-19,5,81,6,139.35,836.0999999999999,Não Informado,ASSISTENTE,28,Produto 5,1109.64,Roupas
430,2023-01-01,17,19,10,944.6,9446.0,Ana Carolina Teixeira,GERENTE,23,Produto 17,1094.1,Livros
431,2023-02-21,96,70,10,981.18,9811.8,Alexia Moura,DESCONHECIDO,33,PRODUTO NÃO INFORMADO,462.64,DESCONHECIDA
432,2023-04-12,75,33,7,381.58,2671.06,Guilherme Gomes,VENDEDOR,62,Produto 75,1392.35,Livros
433,2023-06-04,192,81,8,446.81,3574.48,Não Informado,ASSISTENTE,28,PRODUTO NÃO INFORMADO,1684.97,Roupas
434,2023-03-23,92,51,3,895.51,2686.5299999999997,Bernardo Ferreira,DESCONHECIDO,26,Produto 92,674.64,Desconhecida
435,2023-06-12,48,73,4,808.52,3234.08,Kevin Cunha,VENDEDOR,44,PRODUTO NÃO INFORMADO,871.73,Beleza
436,2023-03-22,81,97,8,855.42,6843.36,Rafael Duarte,GERENTE,58,Produto 81,1991.68,Livros
437,2023-02-07,67,59,8,71.83,574.64,Laura Silva,VENDEDOR,41,Produto 67,1955.91,Beleza
438,2023-01-31,114,96,5,515.33,2576.65,Calebe Da Luz,GERENTE,28,Produto 114,1838.76,DESCONHECIDA
439,2023-06-20,67,54,6,690.84,4145.04,Não Informado,ASSISTENTE,22,Produto 67,1955.91,Beleza
440,2023-01-01,126,21,10,143.09,1430.9,Evelyn Araújo,GERENTE,28,Produto 126,1023.6067857142856,Eletrônicos
441,2023-02-04,184,30,2,340.07,680.14,Ian Moreira,VENDEDOR,37,Produto 184,904.57,Eletrônicos
443,2023-04-23,71,30,2,680.05,1360.1,Ian Moreira,VENDEDOR,37,Produto 71,91.58,Livros
444,2023-02-05,25,37,7,53.72,376.03999999999996,Erick Santos,VENDEDOR,58,Produto 25,855.05,Livros
445,2023-05-21,136,5,1,78.34,78.34,Leandro Azevedo,VENDEDOR,41,Produto 136,1384.97,Livros
446,2023-06-13,35,66,9,768.45,6916.05,Emanuelly Nogueira,GERENTE,59,Produto 35,1026.42,Casa
447,2023-02-03,174,78,8,405.11,3240.88,Gabriel Da Mata,VENDEDOR,43,Produto 174,1236.44,Casa
448,2023-04-12,75,99,4,413.04,1652.16,Não Informado,VENDEDOR,49,Produto 75,1392.35,Livros
449,2023-06-22,34,45,8,119.89,959.12,Não Informado,VENDEDOR,28,Produto 34,1726.96,Eletrônicos
450,2023-01-01,16,66,3,527.35,1582.0500000000002,Emanuelly Nogueira,GERENTE,59,Produto 16,1475.39,Livros
451,2023-06-11,124,16,8,121.8,974.4,Vicente Viana,VENDEDOR,23,Produto 124,756.59,Eletrônicos
452,2023-01-13,184,31,6,59.72,358.32,Thales Castro,GERENTE,26,Produto 184,904.57,Eletrônicos
453,2023-05-16,120,55,2,288.19,576.38,Diego Costela,GERENTE,58,PRODUTO NÃO INFORMADO,825.45,Roupas
454,2023-02-22,39,65,6,328.28,1969.6799999999998,Anthony Da Paz,VENDEDOR,49,Produto 39,1185.82,Livros
456,2023-01-19,57,25,5,222.48,1112.3999999999999,Lavínia Costela,GERENTE,49,Produto 57,1489.7,Desconhecida
457,2023-01-23,32,62,6,195.96,1175.76,Isaac Moraes,VENDEDOR,54,Produto 32,470.29,Eletrônicos
458,2023-02-23,52,20,10,590.01,5900.1,Maria Julia Da Conceição,VENDEDOR,41,Produto 52,1145.09,Livros
459,2023-06-05,110,53,2,249.51,499.02,Diogo Rezende,DESCONHECIDO,33,Produto 110,1881.36,Beleza
460,2023-01-01,30,63,8,297.07,2376.56,Não Informado,ASSISTENTE,29,Produto 30,297.48,Eletrônicos
461,2023-01-08,12,31,4,151.45,605.8,Thales Castro,GERENTE,26,PRODUTO NÃO INFORMADO,1948.63,DESCONHECIDA
462,2023-04-08,127,75,2,142.49,284.98,João Lucas Martins,ASSISTENTE,18,Produto 127,789.01,Roupas
463,2023-03-20,185,95,9,751.16,6760.44,Laís Souza,ASSISTENTE,19,Produto 185,1821.39,Roupas
464,2023-06-03,18,96,1,516.02,516.02,Calebe Da Luz,GERENTE,28,Produto 18,1413.13,Eletrônicos
465,2023-03-28,88,50,6,709.91,4259.46,Joaquim Da Cunha,VENDEDOR,21,Produto 88,120.44,Eletrônicos
466,2023-03-10,172,64,8,13.78,110.24,Fernando Ferreira,VENDEDOR,41,Produto 172,1611.06,Roupas
467,2023-05-27,137,27,9,366.63,3299.67,Não Informado,VENDEDOR,53,Produto 137,1071.02,Livros
469,2023-05-21,83,49,2,892.95,1785.9,Luigi Viana,GERENTE,32,Produto 83,771.48,Desconhecida
470,2023-01-01,179,37,6,383.54,2301.2400000000002,Erick Santos,VENDEDOR,58,Produto 179,1111.86,Eletrônicos
471,2023-06-06,161,60,1,690.15,690.15,Caio Dias,VENDEDOR,41,Produto 161,965.15,Livros
472,2023-05-18,175,23,9,706.82,6361.38,Raul Martins,VENDEDOR,43,Produto 175,1071.8700000000001,DESCONHECIDA
473,2023-01-13,101,33,5,715.92,3579.6,Guilherme Gomes,VENDEDOR,62,Produto 101,909.22,Roupas
474,2023-01-17,196,47,8,763.43,6107.44,Lara Ribeiro,VENDEDOR,33,Produto 196,1026.42,Casa
475,2023-01-21,84,83,9,305.07,2745.63,Luiz Gustavo Da Paz,VENDEDOR,22,PRODUTO NÃO INFORMADO,1023.6067857142856,Eletrônicos
476,2023-02-11,145,48,3,647.71,1943.13,Maysa Sales,GERENTE,56,Produto 145,485.96,Desconhecida
477,2023-02-10,99,47,7,505.4,3537.7999999999997,Lara Ribeiro,VENDEDOR,33,Produto 99,723.89,Desconhecida
478,2023-04-15,124,71,2,638.08,1276.16,Carlos Eduardo Silveira,ASSISTENTE,53,Produto 124,756.59,Eletrônicos
479,2023-05-21,100,31,9,194.16,1747.44,Thales Castro,GERENTE,26,Produto 100,523.6,Beleza
480,2023-01-01,73,38,2,219.87,439.74,Olivia Teixeira,VENDEDOR,40,Produto 73,1838.64,Desconhecida
482,2023-01-08,7,36,2,400.79,801.58,Não Informado,ASSISTENTE,26,Produto 7,1023.6067857142856,Eletrônicos
483,2023-03-11,172,21,2,739.73,1479.46,Evelyn Araújo,GERENTE,28,Produto 172,1611.06,Roupas
484,2023-03-06,100,21,8,473.47,3787.76,Evelyn Araújo,GERENTE,28,Produto 100,523.6,Beleza
485,2023-02-18,118,54,3,670.2,2010.6000000000001,Não Informado,ASSISTENTE,22,Produto 118,333.84,Roupas
486,2023-02-16,53,74,10,548.37,5483.7,Ryan Fogaça,ASSISTENTE,39,Produto 53,1483.24,Eletrônicos
487,2023-01-02,81,100,5,911.96,4559.8,Bruno Peixoto,VENDEDOR,49,Produto 81,1991.68,Livros
488,2023-05-11,111,17,10,41.11,411.1,Sofia Sales,VENDEDOR,49,Produto 111,836.19,Beleza
489,2023-01-29,171,25,6,274.01,1644.06,Lavínia Costela,GERENTE,49,Produto 171,1280.53,Desconhecida
490,2023-01-01,90,65,4,51.24,204.96,Anthony Da Paz,VENDEDOR,49,Produto 90,217.98,Casa
491,2023-01-16,175,81,4,460.37,1841.48,Não Informado,ASSISTENTE,28,Produto 175,1071.8700000000001,DESCONHECIDA
492,2023-01-27,181,42,8,140.2,1121.6,Maysa Da Cruz,GERENTE,47,Produto 181,1454.16,Beleza
493,2023-05-14,135,96,9,129.01,1161.09,Calebe Da Luz,GERENTE,28,Produto 135,155.34,DESCONHECIDA
495,2023-02-26,126,12,10,231.03,2310.3,Miguel Ferreira,DESCONHECIDO,19,Produto 126,1023.6067857142856,Eletrônicos
496,2023-05-15,111,51,5,649.99,3249.95,Bernardo Ferreira,DESCONHECIDO,26,Produto 111,836.19,Beleza
497,2023-01-08,200,45,9,551.49,4963.41,Não Informado,VENDEDOR,28,Produto 200,1161.4,DESCONHECIDA
498,2023-04-14,195,29,6,160.8,964.8000000000001,Maria Alice Cavalcanti,GERENTE,20,Produto 195,96.49,Casa
499,2023-06-05,79,87,9,938.0,8442.0,Helena Peixoto,ASSISTENTE,43,Produto 79,437.53,Eletrônicos
500,2023-01-01,104,9,10,586.39,5863.9,Não Informado,GERENTE,58,Produto 104,825.36,Livros
501,2023-04-06,178,75,7,787.34,5511.38,João Lucas Martins,ASSISTENTE,18,Produto 178,1275.11,Beleza
502,2023-02-28,90,71,6,372.02,2232.12,Carlos Eduardo Silveira,ASSISTENTE,53,Produto 90,217.98,Casa
503,2023-01-25,138,45,10,897.11,8971.1,Não Informado,VENDEDOR,28,Produto 138,1501.07,DESCONHECIDA
504,2023-04-14,68,95,3,155.49,466.47,Laís Souza,ASSISTENTE,19,Produto 68,1114.23,Casa
505,2023-02-21,102,88,1,351.74,351.74,Alexia Caldeira,GERENTE,18,Produto 102,69.47,Roupas
506,2023-02-16,159,46,6,475.29,2851.7400000000002,Benjamin Moura,GERENTE,41,Produto 159,1663.59,Casa
508,2023-02-23,161,50,4,634.61,2538.44,Joaquim Da Cunha,VENDEDOR,21,Produto 161,965.15,Livros
509,2023-01-15,61,21,6,534.36,3206.16,Evelyn Araújo,GERENTE,28,Produto 61,958.04,Livros
510,2023-01-01,62,86,5,624.7,3123.5,Breno Rocha,VENDEDOR,58,Produto 62,170.37,Roupas
511,2023-02-15,141,95,2,551.39,1102.78,Laís Souza,ASSISTENTE,19,Produto 141,1172.37,Beleza
512,2023-04-03,8,44,3,174.09,522.27,Augusto Moura,DESCONHECIDO,42,Produto 8,1892.66,Casa
513,2023-03-16,77,50,1,145.63,145.63,Joaquim Da Cunha,VENDEDOR,21,Produto 77,965.15,Livros
514,2023-03-09,99,48,6,117.8,706.8,Maysa Sales,GERENTE,56,Produto 99,723.89,Desconhecida
515,2023-03-31,190,76,8,714.61,5716.88,Joaquim Fogaça,ASSISTENTE,62,Produto 190,1593.96,Roupas
516,2023-01-19,55,82,5,442.63,2213.15,João Pedro Costa,GERENTE,20,Produto 55,1646.47,Eletrônicos
517,2023-04-18,115,29,10,24.05,240.5,Maria Alice Cavalcanti,GERENTE,20,Produto 115,170.08,Livros
518,2023-02-12,80,66,2,701.33,1402.66,Emanuelly Nogueira,GERENTE,59,Produto 80,592.52,Livros
519,2023-05-21,106,8,2,759.74,1519.48,Ana Luiza Martins,ASSISTENTE,61,Produto 106,1207.55,Beleza
521,2023-03-25,88,86,7,783.54,5484.78,Breno Rocha,VENDEDOR,58,Produto 88,120.44,Eletrônicos
522,2023-06-14,74,36,6,607.03,3642.18,Não Informado,ASSISTENTE,26,Produto 74,509.72,Casa
523,2023-06-05,170,43,5,383.22,1916.1000000000001,Samuel Da Rocha,VENDEDOR,56,Produto 170,1570.41,Eletrônicos
524,2023-04-14,66,55,5,229.86,1149.3000000000002,Diego Costela,GERENTE,58,Produto 66,1605.21,Casa
525,2023-01-22,101,27,8,810.19,6481.52,Não Informado,VENDEDOR,53,Produto 101,909.22,Roupas
526,2023-04-18,141,45,9,408.74,3678.66,Não Informado,VENDEDOR,28,Produto 141,1172.37,Beleza
527,2023-06-04,34,1,10,902.37,9023.7,Júlia Oliveira,VENDEDOR,24,Produto 34,1726.96,Eletrônicos
528,2023-03-08,148,94,9,763.4,6870.599999999999,Amanda Caldeira,GERENTE,50,Produto 148,506.63,Casa
529,2023-04-13,91,90,3,67.13,201.39,Não Informado,GERENTE,61,Produto 91,1071.8700000000001,DESCONHECIDA
530,2023-01-01,116,93,1,789.67,789.67,Esther Da Mata,ASSISTENTE,36,Produto 116,1753.94,Casa
531,2023-03-23,68,65,4,578.1,2312.4,Anthony Da Paz,VENDEDOR,49,Produto 68,1114.23,Casa
532,2023-06-03,109,20,2,903.21,1806.42,Maria Julia Da Conceição,VENDEDOR,41,Produto 109,157.02,Roupas
534,2023-05-02,193,17,9,48.54,436.86,Sofia Sales,VENDEDOR,49,Produto 193,1538.99,Beleza
535,2023-06-18,68,69,6,868.1,5208.6,Maitê Cavalcanti,VENDEDOR,43,Produto 68,1114.23,Casa
536,2023-04-09,76,26,8,584.29,4674.32,Fernanda Das Neves,ASSISTENTE,56,Produto 76,155.49,Roupas
537,2023-02-16,71,26,3,289.67,869.01,Fernanda Das Neves,ASSISTENTE,56,Produto 71,91.58,Livros
538,2023-05-12,23,84,8,406.93,3255.44,Sophie Ribeiro,VENDEDOR,19,Produto 23,1734.4,Eletrônicos
539,2023-05-16,41,19,2,212.63,425.26,Ana Carolina Teixeira,GERENTE,23,Produto 41,1417.82,Roupas
540,2023-01-01,68,15,7,42.48,297.35999999999996,Nicolas Da Rosa,VENDEDOR,33,Produto 68,1114.23,Casa
541,2023-04-21,24,27,3,511.85,1535.5500000000002,Não Informado,VENDEDOR,53,PRODUTO NÃO INFORMADO,1677.77,Livros
542,2023-06-13,24,24,8,57.16,457.28,Luiza Nascimento,VENDEDOR,49,PRODUTO NÃO INFORMADO,1677.77,Livros
543,2023-02-03,185,49,10,826.54,8265.4,Luigi Viana,GERENTE,32,Produto 185,1821.39,Roupas
544,2023-04-26,23,69,7,54.95,384.65000000000003,Maitê Cavalcanti,VENDEDOR,43,Produto 23,1734.4,Eletrônicos
545,2023-02-26,188,54,5,767.89,3839.45,Não Informado,ASSISTENTE,22,Produto 188,1396.8,Casa
547,2023-06-15,85,61,8,233.86,1870.88,Isadora Moura,VENDEDOR,29,Produto 85,1475.52,Desconhecida
548,2023-06-28,86,47,4,238.11,952.44,Lara Ribeiro,VENDEDOR,33,Produto 86,1830.93,Eletrônicos
549,2023-02-07,164,41,4,967.18,3868.72,Stella Sales,VENDEDOR,18,Produto 164,181.37,Livros
550,2023-01-01,58,50,5,761.48,3807.4,Joaquim Da Cunha,VENDEDOR,21,Produto 58,1363.67,Eletrônicos
551,2023-06-04,179,78,5,715.5,3577.5,Gabriel Da Mata,VENDEDOR,43,Produto 179,1111.86,Eletrônicos
552,2023-05-03,47,100,9,377.23,3395.07,Bruno Peixoto,VENDEDOR,49,Produto 47,663.85,Desconhecida
553,2023-01-22,54,21,7,228.28,1597.96,Evelyn Araújo,GERENTE,28,Produto 54,1535.55,Beleza
554,2023-02-28,31,42,8,664.4,5315.2,Maysa Da Cruz,GERENTE,47,Produto 31,1029.09,Livros
555,2023-06-11,9,81,10,30.46,304.6,Não Informado,ASSISTENTE,28,Produto 9,1563.69,Roupas
556,2023-01-17,68,48,10,487.05,4870.5,Maysa Sales,GERENTE,56,Produto 68,1114.23,Casa
557,2023-05-03,149,65,4,635.84,2543.36,Anthony Da Paz,VENDEDOR,49,Produto 149,553.09,DESCONHECIDA
558,2023-03-22,127,88,9,180.37,1623.33,Alexia Caldeira,GERENTE,18,Produto 127,789.01,Roupas
560,2023-01-01,1,23,7,467.1,3269.7000000000003,Raul Martins,VENDEDOR,43,Produto 1,988.59,Livros
561,2023-05-06,57,81,10,731.69,7316.900000000001,Não Informado,ASSISTENTE,28,Produto 57,1489.7,Desconhecida
562,2023-03-14,141,70,2,809.0,1618.0,Alexia Moura,DESCONHECIDO,33,Produto 141,1172.37,Beleza
563,2023-01-03,81,63,6,668.49,4010.94,Não Informado,ASSISTENTE,29,Produto 81,1991.68,Livros
564,2023-06-24,109,55,1,729.79,729.79,Diego Costela,GERENTE,58,Produto 109,157.02,Roupas
565,2023-01-15,100,32,1,318.86,318.86,Luiz Miguel Gomes,VENDEDOR,19,Produto 100,523.6,Beleza
566,2023-03-24,43,35,4,390.51,1562.04,Luiz Fernando Da Paz,DESCONHECIDO,37,Produto 43,965.93,Eletrônicos
567,2023-02-02,14,34,8,799.57,6396.56,Matheus Duarte,DESCONHECIDO,34,Produto 14,965.15,Livros
568,2023-02-28,157,83,7,242.62,1698.3400000000001,Luiz Gustavo Da Paz,VENDEDOR,22,Produto 157,998.84,Roupas
569,2023-06-26,168,83,6,550.97,3305.82,Luiz Gustavo Da Paz,VENDEDOR,22,PRODUTO NÃO INFORMADO,1220.297391304348,Beleza
570,2023-01-01,27,80,5,509.75,2548.75,Davi Luiz Teixeira,VENDEDOR,45,Produto 27,796.32,Roupas
571,2023-03-05,190,99,6,127.31,763.86,Não Informado,VENDEDOR,49,Produto 190,1593.96,Roupas
573,2023-04-05,196,44,10,810.7,8107.0,Augusto Moura,DESCONHECIDO,42,Produto 196,1026.42,Casa
574,2023-01-22,115,57,7,323.38,2263.66,Daniela Da Paz,VENDEDOR,29,Produto 115,170.08,Livros
575,2023-04-29,195,16,5,80.18,400.90000000000003,Vicente Viana,VENDEDOR,23,Produto 195,96.49,Casa
576,2023-03-13,124,97,7,907.03,6349.21,Rafael Duarte,GERENTE,58,Produto 124,756.59,Eletrônicos
577,2023-02-22,75,5,1,29.6,29.6,Leandro Azevedo,VENDEDOR,41,Produto 75,1392.35,Livros
578,2023-01-05,57,28,1,935.64,935.64,Luana Da Mota,GERENTE,55,Produto 57,1489.7,Desconhecida
579,2023-02-28,33,62,5,77.67,388.35,Isaac Moraes,VENDEDOR,54,Produto 33,1164.7,Desconhecida
580,2023-01-01,19,86,2,438.44,876.88,Breno Rocha,VENDEDOR,58,Produto 19,1937.46,Roupas
581,2023-02-16,167,68,5,81.39,406.95,Vinicius Silva,ASSISTENTE,19,Produto 167,962.69,Livros
582,2023-05-15,79,87,1,645.32,645.32,Helena Peixoto,ASSISTENTE,43,Produto 79,437.53,Eletrônicos
583,2023-02-23,148,29,7,424.15,2969.0499999999997,Maria Alice Cavalcanti,GERENTE,20,Produto 148,506.63,Casa
584,2023-04-15,57,8,8,283.56,2268.48,Ana Luiza Martins,ASSISTENTE,61,Produto 57,1489.7,Desconhecida
586,2023-02-27,69,28,1,112.09,112.09,Luana Da Mota,GERENTE,55,Produto 69,648.76,Casa
587,2023-06-18,177,91,9,740.51,6664.59,Emilly Santos,VENDEDOR,18,Produto 177,1218.14,Beleza
588,2023-05-11,10,98,1,403.64,403.64,Vitor Gabriel Ramos,GERENTE,41,Produto 10,231.36,Desconhecida
589,2023-01-02,124,24,9,742.76,6684.84,Luiza Nascimento,VENDEDOR,49,Produto 124,756.59,Eletrônicos
590,2023-01-01,154,43,10,692.88,6928.8,Samuel Da Rocha,VENDEDOR,56,Produto 154,1220.297391304348,Beleza
591,2023-06-06,20,91,7,86.21,603.4699999999999,Emilly Santos,VENDEDOR,18,Produto 20,1377.62,Roupas
592,2023-04-18,147,84,9,101.15,910.35,Sophie Ribeiro,VENDEDOR,19,Produto 147,965.15,Livros
593,2023-06-07,53,34,3,652.02,1956.06,Matheus Duarte,DESCONHECIDO,34,Produto 53,1483.24,Eletrônicos
594,2023-01-27,10,73,6,965.37,5792.22,Kevin Cunha,VENDEDOR,44,Produto 10,231.36,Desconhecida
595,2023-03-11,187,100,1,675.34,675.34,Bruno Peixoto,VENDEDOR,49,Produto 187,1049.59,Roupas
596,2023-03-06,83,26,2,867.43,1734.86,Fernanda Das Neves,ASSISTENTE,56,Produto 83,771.48,Desconhecida
597,2023-03-20,59,22,9,163.28,1469.52,João Pedro Barbosa,VENDEDOR,45,Produto 59,478.83,Roupas
599,2023-01-25,28,65,4,704.13,2816.52,Anthony Da Paz,VENDEDOR,49,Produto 28,1026.42,Casa
600,2023-01-01,7,49,1,391.76,391.76,Luigi Viana,GERENTE,32,Produto 7,1023.6067857142856,Eletrônicos
601,2023-05-09,138,36,9,455.75,4101.75,Não Informado,ASSISTENTE,26,Produto 138,1501.07,DESCONHECIDA
602,2023-04-16,160,32,9,841.4,7572.599999999999,Luiz Miguel Gomes,VENDEDOR,19,Produto 160,619.02,Livros
603,2023-05-25,74,27,6,977.24,5863.4400000000005,Não Informado,VENDEDOR,53,Produto 74,509.72,Casa
604,2023-03-26,127,25,6,333.77,2002.62,Lavínia Costela,GERENTE,49,Produto 127,789.01,Roupas
605,2023-03-14,155,26,4,440.06,1760.24,Fernanda Das Neves,ASSISTENTE,56,Produto 155,541.0,Desconhecida
606,2023-01-17,43,41,3,593.56,1780.6799999999998,Stella Sales,VENDEDOR,18,Produto 43,965.93,Eletrônicos
607,2023-06-17,39,23,10,703.86,7038.6,Raul Martins,VENDEDOR,43,Produto 39,1185.82,Livros
608,2023-03-04,110,69,4,23.61,94.44,Maitê Cavalcanti,VENDEDOR,43,Produto 110,1881.36,Beleza
609,2023-03-02,178,67,2,71.9,143.8,Gustavo Henrique Silveira,VENDEDOR,54,Produto 178,1275.11,Beleza
610,2023-01-01,16,82,10,601.12,6011.2,João Pedro Costa,GERENTE,20,Produto 16,1475.39,Livros
612,2023-03-04,77,46,3,498.57,1495.71,Benjamin Moura,GERENTE,41,Produto 77,965.15,Livros
613,2023-03-06,120,91,3,620.62,1861.8600000000001,Emilly Santos,VENDEDOR,18,PRODUTO NÃO INFORMADO,825.45,Roupas
614,2023-03-14,134,89,8,77.77,622.16,Bruno Da Luz,ASSISTENTE,23,Produto 134,32.28,DESCONHECIDA
615,2023-01-28,97,54,7,276.16,1933.1200000000001,Não Informado,ASSISTENTE,22,Produto 97,535.55,Roupas
616,2023-02-25,187,85,5,669.8,3349.0,Ana Vitória Barros,VENDEDOR,58,Produto 187,1049.59,Roupas
617,2023-04-17,123,60,2,633.94,1267.88,Caio Dias,VENDEDOR,41,Produto 123,1970.65,Eletrônicos
618,2023-06-13,114,37,6,433.33,2599.98,Erick Santos,VENDEDOR,58,Produto 114,1838.76,DESCONHECIDA
619,2023-05-30,139,58,2,826.5,1653.0,Raquel Da Mata,VENDEDOR,47,Produto 139,1826.77,Beleza
620,2023-01-01,135,61,9,209.09,1881.81,Isadora Moura,VENDEDOR,29,Produto 135,155.34,DESCONHECIDA
621,2023-05-09,55,3,6,38.03,228.18,Rodrigo Das Neves,ASSISTENTE,41,Produto 55,1646.47,Eletrônicos
622,2023-05-09,102,38,6,658.62,3951.7200000000003,Olivia Teixeira,VENDEDOR,40,Produto 102,69.47,Roupas
623,2023-05-13,92,21,5,168.86,844.3000000000001,Evelyn Araújo,GERENTE,28,Produto 92,674.64,Desconhecida
625,2023-03-10,129,68,3,119.33,357.99,Vinicius Silva,ASSISTENTE,19,Produto 129,1140.32,Beleza
626,2023-06-02,21,61,8,557.85,4462.8,Isadora Moura,VENDEDOR,29,Produto 21,965.15,Livros
627,2023-06-02,55,46,10,830.27,8302.7,Benjamin Moura,GERENTE,41,Produto 55,1646.47,Eletrônicos
628,2023-02-05,110,49,7,953.29,6673.03,Luigi Viana,GERENTE,32,Produto 110,1881.36,Beleza
629,2023-03-21,97,85,10,278.78,2787.7999999999997,Ana Vitória Barros,VENDEDOR,58,Produto 97,535.55,Roupas
630,2023-01-01,109,35,9,86.86,781.74,Luiz Fernando Da Paz,DESCONHECIDO,37,Produto 109,157.02,Roupas
631,2023-04-28,5,42,7,201.92,1413.4399999999998,Maysa Da Cruz,GERENTE,47,Produto 5,1109.64,Roupas
632,2023-06-07,57,86,7,839.53,5876.71,Breno Rocha,VENDEDOR,58,Produto 57,1489.7,Desconhecida
633,2023-06-14,87,13,9,168.76,1518.84,Nathan Da Paz,ASSISTENTE,56,Produto 87,1917.61,Desconhecida
634,2023-05-31,45,17,4,237.3,949.2,Sofia Sales,VENDEDOR,49,Produto 45,1411.64,Eletrônicos
635,2023-05-14,108,18,7,11.97,83.79,Não Informado,GERENTE,22,PRODUTO NÃO INFORMADO,270.7,Beleza
636,2023-06-07,126,32,6,545.96,3275.76,Luiz Miguel Gomes,VENDEDOR,19,Produto 126,1023.6067857142856,Eletrônicos
638,2023-01-28,11,78,2,524.03,1048.06,Gabriel Da Mata,VENDEDOR,43,Produto 11,1862.2,Roupas
639,2023-05-07,147,15,7,67.15,470.05000000000007,Nicolas Da Rosa,VENDEDOR,33,Produto 147,965.15,Livros
640,2023-01-01,137,47,8,620.14,4961.12,Lara Ribeiro,VENDEDOR,33,Produto 137,1071.02,Livros
641,2023-01-19,195,74,1,434.65,434.65,Ryan Fogaça,ASSISTENTE,39,Produto 195,96.49,Casa
642,2023-06-06,178,98,8,705.12,5640.96,Vitor Gabriel Ramos,GERENTE,41,Produto 178,1275.11,Beleza
643,2023-05-09,162,93,3,551.22,1653.66,Esther Da Mata,ASSISTENTE,36,Produto 162,1633.69,Roupas
644,2023-03-02,157,39,1,500.75,500.75,Henrique Moura,GERENTE,32,Produto 157,998.84,Roupas
645,2023-03-12,13,69,8,695.15,5561.2,Maitê Cavalcanti,VENDEDOR,43,Produto 13,1991.88,Casa
646,2023-01-07,58,49,10,896.72,8967.2,Luigi Viana,GERENTE,32,Produto 58,1363.67,Eletrônicos
647,2023-03-03,17,43,7,425.08,2975.56,Samuel Da Rocha,VENDEDOR,56,Produto 17,1094.1,Livros
648,2023-05-11,29,32,9,676.51,6088.59,Luiz Miguel Gomes,VENDEDOR,19,Produto 29,1784.33,Roupas
649,2023-01-25,54,28,10,260.74,2607.4,Luana Da Mota,GERENTE,55,Produto 54,1535.55,Beleza
651,2023-03-27,80,41,1,470.4,470.4,Stella Sales,VENDEDOR,18,Produto 80,592.52,Livros
652,2023-04-28,199,78,3,136.11,408.33000000000004,Gabriel Da Mata,VENDEDOR,43,Produto 199,422.22,Desconhecida
653,2023-06-18,173,15,3,822.39,2467.17,Nicolas Da Rosa,VENDEDOR,33,Produto 173,1806.79,Beleza
654,2023-06-23,30,57,3,23.23,69.69,Daniela Da Paz,VENDEDOR,29,Produto 30,297.48,Eletrônicos
655,2023-05-08,48,66,8,25.35,202.8,Emanuelly Nogueira,GERENTE,59,PRODUTO NÃO INFORMADO,871.73,Beleza
656,2023-04-14,36,79,8,878.58,7028.64,Matheus Gomes,VENDEDOR,54,PRODUTO NÃO INFORMADO,1761.32,DESCONHECIDA
657,2023-06-22,82,66,4,651.83,2607.32,Emanuelly Nogueira,GERENTE,59,Produto 82,1395.37,Roupas
658,2023-05-03,67,83,6,439.14,2634.84,Luiz Gustavo Da Paz,VENDEDOR,22,Produto 67,1955.91,Beleza
659,2023-03-05,40,59,3,357.02,1071.06,Laura Silva,VENDEDOR,41,Produto 40,703.69,Beleza
660,2023-01-01,60,75,7,375.88,2631.16,João Lucas Martins,ASSISTENTE,18,PRODUTO NÃO INFORMADO,803.44,Livros
661,2023-04-06,91,30,10,356.45,3564.5,Ian Moreira,VENDEDOR,37,Produto 91,1071.8700000000001,DESCONHECIDA
662,2023-02-18,137,92,2,665.07,1330.14,Caio Pires,ASSISTENTE,33,Produto 137,1071.02,Livros
664,2023-02-27,101,45,4,768.85,3075.4,Não Informado,VENDEDOR,28,Produto 101,909.22,Roupas
665,2023-04-09,192,44,7,680.7,4764.900000000001,Augusto Moura,DESCONHECIDO,42,PRODUTO NÃO INFORMADO,1684.97,Roupas
666,2023-05-07,134,29,7,665.86,4661.02,Maria Alice Cavalcanti,GERENTE,20,Produto 134,32.28,DESCONHECIDA
667,2023-05-11,21,64,10,909.15,9091.5,Fernando Ferreira,VENDEDOR,41,Produto 21,965.15,Livros
668,2023-03-03,170,76,10,890.24,8902.4,Joaquim Fogaça,ASSISTENTE,62,Produto 170,1570.41,Eletrônicos
669,2023-01-11,54,16,10,420.82,4208.2,Vicente Viana,VENDEDOR,23,Produto 54,1535.55,Beleza
670,2023-01-01,57,40,8,592.62,4740.96,Francisco Martins,GERENTE,58,Produto 57,1489.7,Desconhecida
671,2023-05-18,44,11,2,430.6,861.2,Ana Júlia Da Paz,VENDEDOR,41,Produto 44,759.09,Eletrônicos
672,2023-06-27,140,90,1,588.82,588.82,Não Informado,GERENTE,61,Produto 140,1023.6067857142856,Eletrônicos
673,2023-04-23,128,62,7,662.92,4640.44,Isaac Moraes,VENDEDOR,54,Produto 128,1659.18,Casa
674,2023-06-15,195,94,6,537.92,3227.5199999999995,Amanda Caldeira,GERENTE,50,Produto 195,96.49,Casa
675,2023-06-05,149,13,1,533.44,533.44,Nathan Da Paz,ASSISTENTE,56,Produto 149,553.09,DESCONHECIDA
677,2023-05-12,23,70,7,779.02,5453.139999999999,Alexia Moura,DESCONHECIDO,33,Produto 23,1734.4,Eletrônicos
678,2023-04-11,84,76,8,97.5,780.0,Joaquim Fogaça,ASSISTENTE,62,PRODUTO NÃO INFORMADO,1023.6067857142856,Eletrônicos
679,2023-01-01,165,63,1,438.02,438.02,Não Informado,ASSISTENTE,29,Produto 165,1584.68,Roupas
680,2023-01-01,149,96,6,43.34,260.04,Calebe Da Luz,GERENTE,28,Produto 149,553.09,DESCONHECIDA
681,2023-03-01,120,46,3,826.08,2478.2400000000002,Benjamin Moura,GERENTE,41,PRODUTO NÃO INFORMADO,825.45,Roupas
682,2023-02-25,110,59,2,785.93,1571.86,Laura Silva,VENDEDOR,41,Produto 110,1881.36,Beleza
683,2023-06-06,199,77,8,332.04,2656.32,Alice Aragão,ASSISTENTE,29,Produto 199,422.22,Desconhecida
684,2023-01-08,75,97,6,103.38,620.28,Rafael Duarte,GERENTE,58,Produto 75,1392.35,Livros
685,2023-02-07,176,27,6,709.77,4258.62,Não Informado,VENDEDOR,53,Produto 176,1961.02,Beleza
686,2023-01-31,91,96,4,904.06,3616.24,Calebe Da Luz,GERENTE,28,Produto 91,1071.8700000000001,DESCONHECIDA
687,2023-04-01,163,95,10,15.66,156.6,Laís Souza,ASSISTENTE,19,Produto 163,1936.11,Eletrônicos
688,2023-05-29,182,75,1,961.55,961.55,João Lucas Martins,ASSISTENTE,18,Produto 182,991.1122222222225,Roupas
690,2023-01-01,100,32,8,627.51,5020.08,Luiz Miguel Gomes,VENDEDOR,19,Produto 100,523.6,Beleza
691,2023-04-09,3,80,7,838.75,5871.25,Davi Luiz Teixeira,VENDEDOR,45,Produto 3,187.95,Roupas
692,2023-05-18,83,25,5,865.79,4328.95,Lavínia Costela,GERENTE,49,Produto 83,771.48,Desconhecida
693,2023-05-07,19,43,4,990.77,3963.08,Samuel Da Rocha,VENDEDOR,56,Produto 19,1937.46,Roupas
694,2023-06-20,153,20,2,710.32,1420.64,Maria Julia Da Conceição,VENDEDOR,41,Produto 153,98.56,Roupas
695,2023-05-19,110,98,3,869.73,2609.19,Vitor Gabriel Ramos,GERENTE,41,Produto 110,1881.36,Beleza
696,2023-02-28,133,51,7,622.34,4356.38,Bernardo Ferreira,DESCONHECIDO,26,Produto 133,991.1122222222225,Roupas
697,2023-05-12,113,42,5,981.31,4906.549999999999,Maysa Da Cruz,GERENTE,47,Produto 113,1164.42,Roupas
698,2023-01-14,32,11,4,940.53,3762.12,Ana Júlia Da Paz,VENDEDOR,41,Produto 32,470.29,Eletrônicos
699,2023-04-30,75,21,2,368.81,737.62,Evelyn Araújo,GERENTE,28,Produto 75,1392.35,Livros
700,2023-01-01,59,89,5,63.85,319.25,Bruno Da Luz,ASSISTENTE,23,Produto 59,478.83,Roupas
701,2023-05-30,83,65,9,79.1,711.9,Anthony Da Paz,VENDEDOR,49,Produto 83,771.48,Desconhecida
703,2023-06-24,93,46,8,708.09,5664.72,Benjamin Moura,GERENTE,41,Produto 93,343.51,Casa
704,2023-04-22,161,59,2,28.95,57.9,Laura Silva,VENDEDOR,41,Produto 161,965.15,Livros
705,2023-06-15,131,28,8,804.78,6438.24,Luana Da Mota,GERENTE,55,Produto 131,78.46,Desconhecida
706,2023-01-13,66,37,8,954.0,7632.0,Erick Santos,VENDEDOR,58,Produto 66,1605.21,Casa
707,2023-02-05,182,26,1,284.24,284.24,Fernanda Das Neves,ASSISTENTE,56,Produto 182,991.1122222222225,Roupas
708,2023-02-12,150,20,8,103.96,831.68,Maria Julia Da Conceição,VENDEDOR,41,Produto 150,418.42,Livros
709,2023-06-07,128,84,8,75.86,606.88,Sophie Ribeiro,VENDEDOR,19,Produto 128,1659.18,Casa
710,2023-01-01,174,62,4,253.82,1015.28,Isaac Moraes,VENDEDOR,54,Produto 174,1236.44,Casa
711,2023-06-25,155,53,7,506.56,3545.92,Diogo Rezende,DESCONHECIDO,33,Produto 155,541.0,Desconhecida
712,2023-03-14,163,51,7,293.65,2055.5499999999997,Bernardo Ferreira,DESCONHECIDO,26,Produto 163,1936.11,Eletrônicos
713,2023-04-29,57,8,4,224.06,896.24,Ana Luiza Martins,ASSISTENTE,61,Produto 57,1489.7,Desconhecida
714,2023-01-20,124,53,5,71.77,358.84999999999997,Diogo Rezende,DESCONHECIDO,33,Produto 124,756.59,Eletrônicos
716,2023-05-27,11,98,10,938.59,9385.9,Vitor Gabriel Ramos,GERENTE,41,Produto 11,1862.2,Roupas
717,2023-02-27,34,20,2,422.06,844.12,Maria Julia Da Conceição,VENDEDOR,41,Produto 34,1726.96,Eletrônicos
718,2023-05-18,160,52,2,275.88,551.76,João Lucas Da Costa,ASSISTENTE,41,Produto 160,619.02,Livros
719,2023-02-06,126,40,5,534.58,2672.9,Francisco Martins,GERENTE,58,Produto 126,1023.6067857142856,Eletrônicos
720,2023-01-01,56,23,8,445.34,3562.72,Raul Martins,VENDEDOR,43,Produto 56,1026.42,Casa
721,2023-05-16,93,94,8,215.2,1721.6,Amanda Caldeira,GERENTE,50,Produto 93,343.51,Casa
722,2023-02-08,28,49,8,138.38,1107.04,Luigi Viana,GERENTE,32,Produto 28,1026.42,Casa
723,2023-02-05,101,26,4,677.25,2709.0,Fernanda Das Neves,ASSISTENTE,56,Produto 101,909.22,Roupas
724,2023-03-23,192,38,6,899.26,5395.5599999999995,Olivia Teixeira,VENDEDOR,40,PRODUTO NÃO INFORMADO,1684.97,Roupas
725,2023-01-22,130,31,8,163.38,1307.04,Thales Castro,GERENTE,26,Produto 130,131.71,Eletrônicos
726,2023-02-15,96,62,7,709.61,4967.27,Isaac Moraes,VENDEDOR,54,PRODUTO NÃO INFORMADO,462.64,DESCONHECIDA
727,2023-01-10,168,24,5,483.71,2418.5499999999997,Luiza Nascimento,VENDEDOR,49,PRODUTO NÃO INFORMADO,1220.297391304348,Beleza
729,2023-02-26,183,53,7,91.45,640.15,Diogo Rezende,DESCONHECIDO,33,Produto 183,1097.16,Beleza
730,2023-01-01,22,13,8,370.17,2961.36,Nathan Da Paz,ASSISTENTE,56,Produto 22,1674.74,Desconhecida
731,2023-04-25,168,17,9,578.54,5206.86,Sofia Sales,VENDEDOR,49,PRODUTO NÃO INFORMADO,1220.297391304348,Beleza
732,2023-03-04,167,13,10,320.74,3207.4,Nathan Da Paz,ASSISTENTE,56,Produto 167,962.69,Livros
733,2023-02-09,148,90,1,767.51,767.51,Não Informado,GERENTE,61,Produto 148,506.63,Casa
734,2023-03-17,172,38,5,494.5,2472.5,Olivia Teixeira,VENDEDOR,40,Produto 172,1611.06,Roupas
735,2023-02-17,18,16,3,661.5,1984.5,Vicente Viana,VENDEDOR,23,Produto 18,1413.13,Eletrônicos
736,2023-03-30,62,13,7,701.55,4910.849999999999,Nathan Da Paz,ASSISTENTE,56,Produto 62,170.37,Roupas
737,2023-05-14,77,60,1,819.68,819.68,Caio Dias,VENDEDOR,41,Produto 77,965.15,Livros
738,2023-02-23,132,39,10,870.91,8709.1,Henrique Moura,GERENTE,32,PRODUTO NÃO INFORMADO,272.03,Beleza
739,2023-06-09,187,63,8,378.45,3027.6,Não Informado,ASSISTENTE,29,Produto 187,1049.59,Roupas
740,2023-01-01,53,94,6,856.16,5136.96,Amanda Caldeira,GERENTE,50,Produto 53,1483.24,Eletrônicos
742,2023-06-15,200,72,6,607.81,3646.8599999999997,Não Informado,VENDEDOR,28,Produto 200,1161.4,DESCONHECIDA
743,2023-02-01,99,10,9,787.79,7090.11,Emanuel Moura,ASSISTENTE,33,Produto 99,723.89,Desconhecida
744,2023-03-17,177,59,3,895.05,2685.1499999999996,Laura Silva,VENDEDOR,41,Produto 177,1218.14,Beleza
745,2023-03-30,127,41,5,183.37,916.85,Stella Sales,VENDEDOR,18,Produto 127,789.01,Roupas
746,2023-05-07,150,4,5,875.33,4376.650000000001,Isis Castro,GERENTE,47,Produto 150,418.42,Livros
747,2023-01-20,81,54,10,794.67,7946.7,Não Informado,ASSISTENTE,22,Produto 81,1991.68,Livros
748,2023-05-23,17,24,4,463.74,1854.96,Luiza Nascimento,VENDEDOR,49,Produto 17,1094.1,Livros
749,2023-04-19,23,46,10,244.71,2447.1,Benjamin Moura,GERENTE,41,Produto 23,1734.4,Eletrônicos
750,2023-01-01,111,59,8,215.47,1723.76,Laura Silva,VENDEDOR,41,Produto 111,836.19,Beleza
751,2023-06-05,189,16,7,16.37,114.59,Vicente Viana,VENDEDOR,23,Produto 189,991.1122222222225,Roupas
752,2023-05-25,30,13,7,492.39,3446.73,Nathan Da Paz,ASSISTENTE,56,Produto 30,297.48,Eletrônicos
753,2023-04-04,82,13,2,403.89,807.78,Nathan Da Paz,ASSISTENTE,56,Produto 82,1395.37,Roupas
755,2023-04-26,143,73,1,515.47,515.47,Kevin Cunha,VENDEDOR,44,Produto 143,1515.38,Beleza
756,2023-02-22,128,52,4,514.76,2059.04,João Lucas Da Costa,ASSISTENTE,41,Produto 128,1659.18,Casa
757,2023-05-17,182,1,1,854.45,854.45,Júlia Oliveira,VENDEDOR,24,Produto 182,991.1122222222225,Roupas
758,2023-01-09,32,15,3,756.2,2268.6000000000004,Nicolas Da Rosa,VENDEDOR,33,Produto 32,470.29,Eletrônicos
759,2023-05-16,72,27,1,775.65,775.65,Não Informado,VENDEDOR,53,PRODUTO NÃO INFORMADO,1849.66,Livros
760,2023-01-01,42,62,1,614.66,614.66,Isaac Moraes,VENDEDOR,54,Produto 42,1220.297391304348,Beleza
761,2023-06-20,95,17,3,753.26,2259.7799999999997,Sofia Sales,VENDEDOR,49,Produto 95,779.6,Eletrônicos
762,2023-03-26,168,23,1,244.56,244.56,Raul Martins,VENDEDOR,43,PRODUTO NÃO INFORMADO,1220.297391304348,Beleza
763,2023-06-27,102,37,8,393.45,3147.6,Erick Santos,VENDEDOR,58,Produto 102,69.47,Roupas
764,2023-06-26,115,11,3,529.49,1588.47,Ana Júlia Da Paz,VENDEDOR,41,Produto 115,170.08,Livros
765,2023-04-25,194,63,8,39.8,318.4,Não Informado,ASSISTENTE,29,Produto 194,137.14,Eletrônicos
766,2023-06-05,17,6,8,933.87,7470.96,Ana Julia Moreira,VENDEDOR,34,Produto 17,1094.1,Livros
768,2023-03-09,177,43,7,603.63,4225.41,Samuel Da Rocha,VENDEDOR,56,Produto 177,1218.14,Beleza
769,2023-02-21,58,32,4,963.73,3854.92,Luiz Miguel Gomes,VENDEDOR,19,Produto 58,1363.67,Eletrônicos
770,2023-01-01,188,83,1,709.18,709.18,Luiz Gustavo Da Paz,VENDEDOR,22,Produto 188,1396.8,Casa
771,2023-04-14,184,28,10,285.35,2853.5,Luana Da Mota,GERENTE,55,Produto 184,904.57,Eletrônicos
772,2023-02-17,40,97,1,98.1,98.1,Rafael Duarte,GERENTE,58,Produto 40,703.69,Beleza
773,2023-04-24,132,38,8,939.61,7516.88,Olivia Teixeira,VENDEDOR,40,PRODUTO NÃO INFORMADO,272.03,Beleza
774,2023-03-17,31,88,9,247.59,2228.31,Alexia Caldeira,GERENTE,18,Produto 31,1029.09,Livros
775,2023-01-25,34,67,7,968.4,6778.8,Gustavo Henrique Silveira,VENDEDOR,54,Produto 34,1726.96,Eletrônicos
776,2023-04-28,73,26,10,14.98,149.8,Fernanda Das Neves,ASSISTENTE,56,Produto 73,1838.64,Desconhecida
777,2023-01-10,67,24,4,756.33,3025.32,Luiza Nascimento,VENDEDOR,49,Produto 67,1955.91,Beleza
778,2023-01-27,113,15,5,123.65,618.25,Nicolas Da Rosa,VENDEDOR,33,Produto 113,1164.42,Roupas
779,2023-02-13,26,47,3,220.32,660.96,Lara Ribeiro,VENDEDOR,33,Produto 26,449.04,Eletrônicos
781,2023-05-12,87,48,4,759.89,3039.56,Maysa Sales,GERENTE,56,Produto 87,1917.61,Desconhecida
782,2023-03-30,66,30,7,115.99,811.93,Ian Moreira,VENDEDOR,37,Produto 66,1605.21,Casa
783,2023-03-25,177,86,3,348.69,1046.07,Breno Rocha,VENDEDOR,58,Produto 177,1218.14,Beleza
784,2023-04-26,38,15,5,737.58,3687.9,Nicolas Da Rosa,VENDEDOR,33,Produto 38,1815.85,DESCONHECIDA
785,2023-06-29,46,25,10,306.94,3069.4,Lavínia Costela,GERENTE,49,Produto 46,501.2,Casa
786,2023-05-02,133,70,5,587.77,2938.85,Alexia Moura,DESCONHECIDO,33,Produto 133,991.1122222222225,Roupas
787,2023-04-18,47,87,1,54.8,54.8,Helena Peixoto,ASSISTENTE,43,Produto 47,663.85,Desconhecida
788,2023-05-29,104,23,4,585.6,2342.4,Raul Martins,VENDEDOR,43,Produto 104,825.36,Livros
789,2023-05-18,89,52,3,416.75,1250.25,João Lucas Da Costa,ASSISTENTE,41,Produto 89,792.07,Eletrônicos
790,2023-01-01,61,64,1,91.91,91.91,Fernando Ferreira,VENDEDOR,41,Produto 61,958.04,Livros
791,2023-02-24,37,56,5,107.75,538.75,Bryan Pereira,DESCONHECIDO,41,Produto 37,477.19,Roupas
792,2023-03-14,59,2,6,222.55,1335.3000000000002,Diogo Vieira,DESCONHECIDO,41,Produto 59,478.83,Roupas
794,2023-05-03,200,63,7,180.8,1265.6000000000001,Não Informado,ASSISTENTE,29,Produto 200,1161.4,DESCONHECIDA
795,2023-04-04,103,95,6,429.31,2575.86,Laís Souza,ASSISTENTE,19,Produto 103,563.13,Desconhecida
796,2023-06-11,31,52,10,436.92,4369.2,João Lucas Da Costa,ASSISTENTE,41,Produto 31,1029.09,Livros
797,2023-01-22,40,1,9,695.09,6255.81,Júlia Oliveira,VENDEDOR,24,Produto 40,703.69,Beleza
798,2023-06-19,149,79,1,146.51,146.51,Matheus Gomes,VENDEDOR,54,Produto 149,553.09,DESCONHECIDA
799,2023-04-09,8,62,1,85.68,85.68,Isaac Moraes,VENDEDOR,54,Produto 8,1892.66,Casa
800,2023-01-01,90,13,1,334.9,334.9,Nathan Da Paz,ASSISTENTE,56,Produto 90,217.98,Casa
801,2023-03-19,173,6,1,836.25,836.25,Ana Julia Moreira,VENDEDOR,34,Produto 173,1806.79,Beleza
802,2023-03-13,189,15,3,229.03,687.09,Nicolas Da Rosa,VENDEDOR,33,Produto 189,991.1122222222225,Roupas
803,2023-01-13,159,35,6,764.26,4585.5599999999995,Luiz Fernando Da Paz,DESCONHECIDO,37,Produto 159,1663.59,Casa
804,2023-02-27,49,23,6,682.41,4094.46,Raul Martins,VENDEDOR,43,Produto 49,1023.6067857142856,Eletrônicos
805,2023-02-16,5,90,9,605.67,5451.03,Não Informado,GERENTE,61,Produto 5,1109.64,Roupas
807,2023-01-17,14,78,2,971.44,1942.88,Gabriel Da Mata,VENDEDOR,43,Produto 14,965.15,Livros
808,2023-04-29,143,19,7,423.49,2964.4300000000003,Ana Carolina Teixeira,GERENTE,23,Produto 143,1515.38,Beleza
809,2023-05-27,148,100,3,86.04,258.12,Bruno Peixoto,VENDEDOR,49,Produto 148,506.63,Casa
810,2023-01-01,176,44,3,409.18,1227.54,Augusto Moura,DESCONHECIDO,42,Produto 176,1961.02,Beleza
811,2023-05-05,145,71,8,326.46,2611.68,Carlos Eduardo Silveira,ASSISTENTE,53,Produto 145,485.96,Desconhecida
812,2023-02-01,164,13,2,114.82,229.64,Nathan Da Paz,ASSISTENTE,56,Produto 164,181.37,Livros
813,2023-05-22,165,79,6,679.06,4074.3599999999997,Matheus Gomes,VENDEDOR,54,Produto 165,1584.68,Roupas
814,2023-05-24,190,4,4,560.76,2243.04,Isis Castro,GERENTE,47,Produto 190,1593.96,Roupas
815,2023-01-31,3,8,10,176.52,1765.2,Ana Luiza Martins,ASSISTENTE,61,Produto 3,187.95,Roupas
816,2023-06-08,45,66,8,968.99,7751.92,Emanuelly Nogueira,GERENTE,59,Produto 45,1411.64,Eletrônicos
817,2023-04-18,115,57,8,59.71,477.68,Daniela Da Paz,VENDEDOR,29,Produto 115,170.08,Livros
818,2023-05-26,114,69,3,100.46,301.38,Maitê Cavalcanti,VENDEDOR,43,Produto 114,1838.76,DESCONHECIDA
820,2023-01-01,134,56,7,834.6,5842.2,Bryan Pereira,DESCONHECIDO,41,Produto 134,32.28,DESCONHECIDA
821,2023-04-18,4,93,10,244.77,2447.7000000000003,Esther Da Mata,ASSISTENTE,36,Produto 4,1206.87,Casa
822,2023-04-16,146,15,7,505.47,3538.29,Nicolas Da Rosa,VENDEDOR,33,Produto 146,414.07,Eletrônicos
823,2023-01-06,112,63,8,552.0,4416.0,Não Informado,ASSISTENTE,29,Produto 112,1023.6067857142856,Eletrônicos
824,2023-02-12,145,96,3,830.2,2490.6000000000004,Calebe Da Luz,GERENTE,28,Produto 145,485.96,Desconhecida
825,2023-03-22,41,83,4,331.1,1324.4,Luiz Gustavo Da Paz,VENDEDOR,22,Produto 41,1417.82,Roupas
826,2023-02-04,22,65,5,858.62,4293.1,Anthony Da Paz,VENDEDOR,49,Produto 22,1674.74,Desconhecida
827,2023-01-11,3,9,4,388.43,1553.72,Não Informado,GERENTE,58,Produto 3,187.95,Roupas
828,2023-01-18,113,73,7,465.05,3255.35,Kevin Cunha,VENDEDOR,44,Produto 113,1164.42,Roupas
829,2023-05-05,175,69,7,75.04,525.2800000000001,Maitê Cavalcanti,VENDEDOR,43,Produto 175,1071.8700000000001,DESCONHECIDA
830,2023-01-01,30,25,4,550.99,2203.96,Lavínia Costela,GERENTE,49,Produto 30,297.48,Eletrônicos
831,2023-04-22,25,74,2,179.23,358.46,Ryan Fogaça,ASSISTENTE,39,Produto 25,855.05,Livros
833,2023-04-26,48,98,9,665.1,5985.900000000001,Vitor Gabriel Ramos,GERENTE,41,PRODUTO NÃO INFORMADO,871.73,Beleza
834,2023-01-11,85,21,10,241.47,2414.7,Evelyn Araújo,GERENTE,28,Produto 85,1475.52,Desconhecida
835,2023-05-06,64,2,6,974.94,5849.64,Diogo Vieira,DESCONHECIDO,41,Produto 64,1059.1,Casa
836,2023-02-23,75,16,9,425.43,3828.87,Vicente Viana,VENDEDOR,23,Produto 75,1392.35,Livros
837,2023-03-31,144,6,1,19.59,19.59,Ana Julia Moreira,VENDEDOR,34,PRODUTO NÃO INFORMADO,758.81,Beleza
838,2023-06-24,48,42,9,789.5,7105.5,Maysa Da Cruz,GERENTE,47,PRODUTO NÃO INFORMADO,871.73,Beleza
839,2023-05-10,59,27,4,974.06,3896.24,Não Informado,VENDEDOR,53,Produto 59,478.83,Roupas
840,2023-01-01,111,46,8,905.2,7241.6,Benjamin Moura,GERENTE,41,Produto 111,836.19,Beleza
841,2023-05-21,43,17,8,102.26,818.08,Sofia Sales,VENDEDOR,49,Produto 43,965.93,Eletrônicos
842,2023-01-08,69,90,1,233.82,233.82,Não Informado,GERENTE,61,Produto 69,648.76,Casa
843,2023-04-03,175,76,4,455.56,1822.24,Joaquim Fogaça,ASSISTENTE,62,Produto 175,1071.8700000000001,DESCONHECIDA
844,2023-05-24,14,74,5,92.69,463.45,Ryan Fogaça,ASSISTENTE,39,Produto 14,965.15,Livros
846,2023-06-24,174,52,3,489.55,1468.65,João Lucas Da Costa,ASSISTENTE,41,Produto 174,1236.44,Casa
847,2023-01-21,64,37,3,224.09,672.27,Erick Santos,VENDEDOR,58,Produto 64,1059.1,Casa
848,2023-05-28,25,70,7,162.36,1136.52,Alexia Moura,DESCONHECIDO,33,Produto 25,855.05,Livros
849,2023-01-16,146,69,4,413.64,1654.56,Maitê Cavalcanti,VENDEDOR,43,Produto 146,414.07,Eletrônicos
850,2023-01-01,45,19,6,44.33,265.98,Ana Carolina Teixeira,GERENTE,23,Produto 45,1411.64,Eletrônicos
851,2023-06-20,62,93,7,804.82,5633.740000000001,Esther Da Mata,ASSISTENTE,36,Produto 62,170.37,Roupas
852,2023-06-29,111,36,4,887.23,3548.92,Não Informado,ASSISTENTE,26,Produto 111,836.19,Beleza
853,2023-05-27,38,70,9,237.69,2139.21,Alexia Moura,DESCONHECIDO,33,Produto 38,1815.85,DESCONHECIDA
854,2023-05-28,9,32,4,675.66,2702.64,Luiz Miguel Gomes,VENDEDOR,19,Produto 9,1563.69,Roupas
855,2023-01-05,148,87,4,114.54,458.16,Helena Peixoto,ASSISTENTE,43,Produto 148,506.63,Casa
856,2023-03-09,44,34,5,91.2,456.0,Matheus Duarte,DESCONHECIDO,34,Produto 44,759.09,Eletrônicos
857,2023-04-05,135,68,10,450.08,4500.8,Vinicius Silva,ASSISTENTE,19,Produto 135,155.34,DESCONHECIDA
859,2023-06-08,83,95,9,512.01,4608.09,Laís Souza,ASSISTENTE,19,Produto 83,771.48,Desconhecida
860,2023-01-01,187,10,5,770.33,3851.65,Emanuel Moura,ASSISTENTE,33,Produto 187,1049.59,Roupas
861,2023-01-17,96,16,2,622.58,1245.16,Vicente Viana,VENDEDOR,23,PRODUTO NÃO INFORMADO,462.64,DESCONHECIDA
862,2023-04-17,88,1,7,935.09,6545.63,Júlia Oliveira,VENDEDOR,24,Produto 88,120.44,Eletrônicos
863,2023-03-12,154,50,7,108.55,759.85,Joaquim Da Cunha,VENDEDOR,21,Produto 154,1220.297391304348,Beleza
864,2023-04-02,65,47,1,891.01,891.01,Lara Ribeiro,VENDEDOR,33,Produto 65,875.49,Roupas
865,2023-05-10,106,24,5,767.71,3838.55,Luiza Nascimento,VENDEDOR,49,Produto 106,1207.55,Beleza
866,2023-06-03,40,50,4,111.81,447.24,Joaquim Da Cunha,VENDEDOR,21,Produto 40,703.69,Beleza
867,2023-01-27,113,54,3,331.09,993.27,Não Informado,ASSISTENTE,22,Produto 113,1164.42,Roupas
868,2023-05-10,60,54,2,768.17,1536.34,Não Informado,ASSISTENTE,22,PRODUTO NÃO INFORMADO,803.44,Livros
869,2023-01-25,96,10,4,283.16,1132.64,Emanuel Moura,ASSISTENTE,33,PRODUTO NÃO INFORMADO,462.64,DESCONHECIDA
870,2023-01-01,77,42,10,241.0,2410.0,Maysa Da Cruz,GERENTE,47,Produto 77,965.15,Livros
872,2023-02-10,80,34,2,54.55,109.1,Matheus Duarte,DESCONHECIDO,34,Produto 80,592.52,Livros
873,2023-01-12,168,73,10,598.2,5982.0,Kevin Cunha,VENDEDOR,44,PRODUTO NÃO INFORMADO,1220.297391304348,Beleza
874,2023-04-06,176,20,10,23.55,235.5,Maria Julia Da Conceição,VENDEDOR,41,Produto 176,1961.02,Beleza
875,2023-03-06,179,36,7,635.06,4445.42,Não Informado,ASSISTENTE,26,Produto 179,1111.86,Eletrônicos
876,2023-05-10,159,57,8,497.67,3981.36,Daniela Da Paz,VENDEDOR,29,Produto 159,1663.59,Casa
877,2023-01-12,101,28,2,59.91,119.82,Luana Da Mota,GERENTE,55,Produto 101,909.22,Roupas
878,2023-01-24,149,10,4,568.28,2273.12,Emanuel Moura,ASSISTENTE,33,Produto 149,553.09,DESCONHECIDA
879,2023-05-22,162,58,5,604.9,3024.5,Raquel Da Mata,VENDEDOR,47,Produto 162,1633.69,Roupas
880,2023-01-01,36,45,6,151.85,911.0999999999999,Não Informado,VENDEDOR,28,PRODUTO NÃO INFORMADO,1761.32,DESCONHECIDA
881,2023-05-07,80,61,4,729.57,2918.28,Isadora Moura,VENDEDOR,29,Produto 80,592.52,Livros
882,2023-04-06,161,45,4,609.43,2437.72,Não Informado,VENDEDOR,28,Produto 161,965.15,Livros
883,2023-02-07,195,23,4,618.34,2473.36,Raul Martins,VENDEDOR,43,Produto 195,96.49,Casa
885,2023-05-20,144,81,7,26.08,182.56,Não Informado,ASSISTENTE,28,PRODUTO NÃO INFORMADO,758.81,Beleza
886,2023-02-15,32,15,7,561.01,3927.0699999999997,Nicolas Da Rosa,VENDEDOR,33,Produto 32,470.29,Eletrônicos
887,2023-02-13,98,5,1,833.2,833.2,Leandro Azevedo,VENDEDOR,41,Produto 98,1220.297391304348,Beleza
888,2023-05-03,79,43,4,648.45,2593.8,Samuel Da Rocha,VENDEDOR,56,Produto 79,437.53,Eletrônicos
889,2023-04-09,17,92,1,23.5,23.5,Caio Pires,ASSISTENTE,33,Produto 17,1094.1,Livros
890,2023-01-01,190,87,3,156.74,470.22,Helena Peixoto,ASSISTENTE,43,Produto 190,1593.96,Roupas
891,2023-02-04,133,73,8,895.46,7163.68,Kevin Cunha,VENDEDOR,44,Produto 133,991.1122222222225,Roupas
892,2023-04-05,22,66,6,814.14,4884.84,Emanuelly Nogueira,GERENTE,59,Produto 22,1674.74,Desconhecida
893,2023-03-30,72,1,5,394.84,1974.1999999999998,Júlia Oliveira,VENDEDOR,24,PRODUTO NÃO INFORMADO,1849.66,Livros
894,2023-04-06,75,39,4,146.64,586.56,Henrique Moura,GERENTE,32,Produto 75,1392.35,Livros
895,2023-06-06,54,90,6,449.66,2697.96,Não Informado,GERENTE,61,Produto 54,1535.55,Beleza
896,2023-05-07,58,53,3,892.41,2677.23,Diogo Rezende,DESCONHECIDO,33,Produto 58,1363.67,Eletrônicos
898,2023-01-29,112,51,4,685.37,2741.48,Bernardo Ferreira,DESCONHECIDO,26,Produto 112,1023.6067857142856,Eletrônicos
899,2023-06-12,197,91,1,636.07,636.07,Emilly Santos,VENDEDOR,18,Produto 197,1243.51,Beleza
900,2023-01-01,73,39,4,703.61,2814.44,Henrique Moura,GERENTE,32,Produto 73,1838.64,Desconhecida
901,2023-01-19,102,91,4,431.68,1726.72,Emilly Santos,VENDEDOR,18,Produto 102,69.47,Roupas
902,2023-02-21,111,53,9,291.7,2625.2999999999997,Diogo Rezende,DESCONHECIDO,33,Produto 111,836.19,Beleza
903,2023-02-11,90,26,6,240.22,1441.32,Fernanda Das Neves,ASSISTENTE,56,Produto 90,217.98,Casa
904,2023-06-05,137,20,7,589.71,4127.97,Maria Julia Da Conceição,VENDEDOR,41,Produto 137,1071.02,Livros
905,2023-02-08,179,12,8,66.46,531.68,Miguel Ferreira,DESCONHECIDO,19,Produto 179,1111.86,Eletrônicos
906,2023-06-03,42,27,7,241.4,1689.8,Não Informado,VENDEDOR,53,Produto 42,1220.297391304348,Beleza
907,2023-01-19,192,6,6,527.98,3167.88,Ana Julia Moreira,VENDEDOR,34,PRODUTO NÃO INFORMADO,1684.97,Roupas
908,2023-06-19,65,99,4,314.69,1258.76,Não Informado,VENDEDOR,49,Produto 65,875.49,Roupas
909,2023-02-21,118,47,8,549.32,4394.56,Lara Ribeiro,VENDEDOR,33,Produto 118,333.84,Roupas
911,2023-06-02,140,26,7,471.52,3300.64,Fernanda Das Neves,ASSISTENTE,56,Produto 140,1023.6067857142856,Eletrônicos
912,2023-06-20,51,37,6,560.9,3365.3999999999996,Erick Santos,VENDEDOR,58,Produto 51,813.38,Livros
913,2023-05-01,13,89,5,322.62,1613.1,Bruno Da Luz,ASSISTENTE,23,Produto 13,1991.88,Casa
914,2023-04-26,118,4,6,309.99,1859.94,Isis Castro,GERENTE,47,Produto 118,333.84,Roupas
915,2023-05-02,11,92,1,679.34,679.34,Caio Pires,ASSISTENTE,33,Produto 11,1862.2,Roupas
916,2023-06-22,23,28,6,554.97,3329.82,Luana Da Mota,GERENTE,55,Produto 23,1734.4,Eletrônicos
917,2023-02-23,29,83,9,384.06,3456.54,Luiz Gustavo Da Paz,VENDEDOR,22,Produto 29,1784.33,Roupas
918,2023-03-19,35,30,1,510.87,510.87,Ian Moreira,VENDEDOR,37,Produto 35,1026.42,Casa
919,2023-06-07,93,45,1,115.27,115.27,Não Informado,VENDEDOR,28,Produto 93,343.51,Casa
920,2023-01-01,102,47,8,985.95,7887.6,Lara Ribeiro,VENDEDOR,33,Produto 102,69.47,Roupas
921,2023-06-15,64,87,5,447.61,2238.05,Helena Peixoto,ASSISTENTE,43,Produto 64,1059.1,Casa
922,2023-01-22,81,82,9,941.1,8469.9,João Pedro Costa,GERENTE,20,Produto 81,1991.68,Livros
924,2023-05-05,50,91,9,605.79,5452.11,Emilly Santos,VENDEDOR,18,Produto 50,511.1,Desconhecida
925,2023-06-11,4,17,4,304.39,1217.56,Sofia Sales,VENDEDOR,49,Produto 4,1206.87,Casa
926,2023-01-04,1,71,4,216.74,866.96,Carlos Eduardo Silveira,ASSISTENTE,53,Produto 1,988.59,Livros
927,2023-02-04,8,24,2,873.19,1746.38,Luiza Nascimento,VENDEDOR,49,Produto 8,1892.66,Casa
928,2023-05-03,43,27,3,302.51,907.53,Não Informado,VENDEDOR,53,Produto 43,965.93,Eletrônicos
929,2023-06-06,16,99,9,402.35,3621.15,Não Informado,VENDEDOR,49,Produto 16,1475.39,Livros
930,2023-01-01,39,48,4,618.26,2473.04,Maysa Sales,GERENTE,56,Produto 39,1185.82,Livros
931,2023-05-12,30,30,10,475.22,4752.200000000001,Ian Moreira,VENDEDOR,37,Produto 30,297.48,Eletrônicos
932,2023-04-18,12,94,6,482.07,2892.42,Amanda Caldeira,GERENTE,50,PRODUTO NÃO INFORMADO,1948.63,DESCONHECIDA
933,2023-01-01,127,58,4,785.63,3142.52,Raquel Da Mata,VENDEDOR,47,Produto 127,789.01,Roupas
934,2023-05-14,70,44,10,971.23,9712.3,Augusto Moura,DESCONHECIDO,42,Produto 70,1026.42,Casa
935,2023-01-19,101,18,8,803.67,6429.36,Não Informado,GERENTE,22,Produto 101,909.22,Roupas
937,2023-04-28,94,27,10,811.58,8115.8,Não Informado,VENDEDOR,53,Produto 94,1295.46,DESCONHECIDA
938,2023-05-29,76,29,7,982.7,6878.900000000001,Maria Alice Cavalcanti,GERENTE,20,Produto 76,155.49,Roupas
939,2023-04-27,15,2,1,571.22,571.22,Diogo Vieira,DESCONHECIDO,41,Produto 15,116.46,Desconhecida
940,2023-01-01,172,54,4,33.87,135.48,Não Informado,ASSISTENTE,22,Produto 172,1611.06,Roupas
941,2023-06-20,166,37,2,603.47,1206.94,Erick Santos,VENDEDOR,58,Produto 166,1181.96,Roupas
942,2023-04-05,122,11,10,448.15,4481.5,Ana Júlia Da Paz,VENDEDOR,41,Produto 122,963.34,Casa
943,2023-04-23,98,93,4,207.42,829.68,Esther Da Mata,ASSISTENTE,36,Produto 98,1220.297391304348,Beleza
944,2023-06-21,127,6,8,559.14,4473.12,Ana Julia Moreira,VENDEDOR,34,Produto 127,789.01,Roupas
945,2023-03-26,55,16,10,786.56,7865.599999999999,Vicente Viana,VENDEDOR,23,Produto 55,1646.47,Eletrônicos
946,2023-06-28,119,49,7,609.04,4263.28,Luigi Viana,GERENTE,32,Produto 119,991.1122222222225,Roupas
947,2023-05-30,160,69,9,30.81,277.28999999999996,Maitê Cavalcanti,VENDEDOR,43,Produto 160,619.02,Livros
948,2023-02-22,187,74,7,789.86,5529.02,Ryan Fogaça,ASSISTENTE,39,Produto 187,1049.59,Roupas
950,2023-01-01,92,29,3,192.61,577.83,Maria Alice Cavalcanti,GERENTE,20,Produto 92,674.64,Desconhecida
951,2023-04-21,38,77,3,60.64,181.92000000000002,Alice Aragão,ASSISTENTE,29,Produto 38,1815.85,DESCONHECIDA
952,2023-01-08,122,84,3,884.73,2654.19,Sophie Ribeiro,VENDEDOR,19,Produto 122,963.34,Casa
953,2023-02-14,136,87,4,17.26,69.04,Helena Peixoto,ASSISTENTE,43,Produto 136,1384.97,Livros
954,2023-03-01,78,77,3,879.25,2637.75,Alice Aragão,ASSISTENTE,29,Produto 78,336.6,DESCONHECIDA
955,2023-01-15,71,98,5,58.21,291.05,Vitor Gabriel Ramos,GERENTE,41,Produto 71,91.58,Livros
956,2023-04-23,172,1,9,903.74,8133.66,Júlia Oliveira,VENDEDOR,24,Produto 172,1611.06,Roupas
957,2023-04-20,200,56,10,946.51,9465.1,Bryan Pereira,DESCONHECIDO,41,Produto 200,1161.4,DESCONHECIDA
958,2023-01-12,89,81,1,86.42,86.42,Não Informado,ASSISTENTE,28,Produto 89,792.07,Eletrônicos
959,2023-03-19,169,36,10,759.19,7591.900000000001,Não Informado,ASSISTENTE,26,Produto 169,843.97,Casa
960,2023-01-01,134,69,9,68.51,616.59,Maitê Cavalcanti,VENDEDOR,43,Produto 134,32.28,DESCONHECIDA
961,2023-05-21,43,78,9,151.13,1360.17,Gabriel Da Mata,VENDEDOR,43,Produto 43,965.93,Eletrônicos
963,2023-02-25,155,32,9,64.86,583.74,Luiz Miguel Gomes,VENDEDOR,19,Produto 155,541.0,Desconhecida
964,2023-03-09,46,98,9,421.29,3791.61,Vitor Gabriel Ramos,GERENTE,41,Produto 46,501.2,Casa
965,2023-01-06,24,48,3,968.12,2904.36,Maysa Sales,GERENTE,56,PRODUTO NÃO INFORMADO,1677.77,Livros
966,2023-01-13,197,25,7,399.22,2794.54,Lavínia Costela,GERENTE,49,Produto 197,1243.51,Beleza
967,2023-04-21,82,66,4,187.24,748.96,Emanuelly Nogueira,GERENTE,59,Produto 82,1395.37,Roupas
968,2023-04-24,175,63,10,551.46,5514.6,Não Informado,ASSISTENTE,29,Produto 175,1071.8700000000001,DESCONHECIDA
969,2023-05-27,35,53,2,631.47,1262.94,Diogo Rezende,DESCONHECIDO,33,Produto 35,1026.42,Casa
970,2023-01-01,118,45,10,875.56,8755.599999999999,Não Informado,VENDEDOR,28,Produto 118,333.84,Roupas
971,2023-02-20,171,86,8,405.34,3242.72,Breno Rocha,VENDEDOR,58,Produto 171,1280.53,Desconhecida
972,2023-01-19,82,76,7,26.51,185.57000000000002,Joaquim Fogaça,ASSISTENTE,62,Produto 82,1395.37,Roupas
973,2023-02-02,147,28,7,279.92,1959.44,Luana Da Mota,GERENTE,55,Produto 147,965.15,Livros
974,2023-06-26,37,26,4,867.76,3471.04,Fernanda Das Neves,ASSISTENTE,56,Produto 37,477.19,Roupas
976,2023-03-18,126,87,8,553.1,4424.8,Helena Peixoto,ASSISTENTE,43,Produto 126,1023.6067857142856,Eletrônicos
977,2023-01-28,163,60,6,68.59,411.54,Caio Dias,VENDEDOR,41,Produto 163,1936.11,Eletrônicos
978,2023-03-26,26,85,8,167.15,1337.2,Ana Vitória Barros,VENDEDOR,58,Produto 26,449.04,Eletrônicos
979,2023-05-14,151,64,9,414.99,3734.91,Fernando Ferreira,VENDEDOR,41,Produto 151,1757.05,Casa
980,2023-01-01,151,96,7,488.96,3422.72,Calebe Da Luz,GERENTE,28,Produto 151,1757.05,Casa
981,2023-05-29,57,23,2,579.84,1159.68,Raul Martins,VENDEDOR,43,Produto 57,1489.7,Desconhecida
982,2023-02-16,168,51,2,78.46,156.92,Bernardo Ferreira,DESCONHECIDO,26,PRODUTO NÃO INFORMADO,1220.297391304348,Beleza
983,2023-06-25,84,91,10,478.3,4783.0,Emilly Santos,VENDEDOR,18,PRODUTO NÃO INFORMADO,1023.6067857142856,Eletrônicos
984,2023-04-19,57,31,6,337.26,2023.56,Thales Castro,GERENTE,26,Produto 57,1489.7,Desconhecida
985,2023-04-22,45,77,5,737.67,3688.35,Alice Aragão,ASSISTENTE,29,Produto 45,1411.64,Eletrônicos
986,2023-04-11,117,92,1,141.85,141.85,Caio Pires,ASSISTENTE,33,Produto 117,1105.42,Livros
987,2023-01-25,58,41,1,697.08,697.08,Stella Sales,VENDEDOR,18,Produto 58,1363.67,Eletrônicos
989,2023-04-27,99,97,2,942.06,1884.12,Rafael Duarte,GERENTE,58,Produto 99,723.89,Desconhecida
990,2023-01-01,192,88,8,40.62,324.96,Alexia Caldeira,GERENTE,18,PRODUTO NÃO INFORMADO,1684.97,Roupas
991,2023-06-02,173,49,3,897.61,2692.83,Luigi Viana,GERENTE,32,Produto 173,1806.79,Beleza
992,2023-05-27,151,83,2,891.75,1783.5,Luiz Gustavo Da Paz,VENDEDOR,22,Produto 151,1757.05,Casa
993,2023-03-14,129,42,9,752.36,6771.24,Maysa Da Cruz,GERENTE,47,Produto 129,1140.32,Beleza
994,2023-03-21,104,55,3,172.97,518.91,Diego Costela,GERENTE,58,Produto 104,825.36,Livros
995,2023-05-05,45,6,2,313.35,626.7,Ana Julia Moreira,VENDEDOR,34,Produto 45,1411.64,Eletrônicos
996,2023-04-06,105,48,5,432.23,2161.15,Maysa Sales,GERENTE,56,Produto 105,1071.8700000000001,DESCONHECIDA
997,2023-01-10,30,18,7,725.84,5080.88,Não Informado,GERENTE,22,Produto 30,297.48,Eletrônicos
998,2023-03-14,15,4,8,406.31,3250.48,Isis Castro,GERENTE,47,Produto 15,116.46,Desconhecida
999,2023-05-17,154,4,8,672.19,5377.52,Isis Castro,GERENTE,47,Produto 154,1220.297391304348,Beleza
1000,2023-01-01,99,52,1,29.94,29.94,João Lucas Da Costa,ASSISTENTE,41,Produto 99,723.89,Desconhecida
